id,time,計畫名稱及領域代碼,擬前往國家或地區,主要會議議題談判重點等,預計天數,擬派人數,旅費預算_交通費,旅費預算_生活費,旅費預算_辦公費,旅費預算_合計,歸屬預算科目,最近三次有關同一出國計畫之實際執行情形_出國地點1,最近三次有關同一出國計畫之實際執行情形_出國期間1,最近三次有關同一出國計畫之實際執行情形_出國人數1,最近三次有關同一出國計畫之實際執行情形_國外旅費1,最近三次有關同一出國計畫之實際執行情形_出國地點2,最近三次有關同一出國計畫之實際執行情形_出國期間2,最近三次有關同一出國計畫之實際執行情形_出國人數2,最近三次有關同一出國計畫之實際執行情形_國外旅費2,最近三次有關同一出國計畫之實際執行情形_出國地點3,最近三次有關同一出國計畫之實際執行情形_出國期間3,最近三次有關同一出國計畫之實際執行情形_出國人數3,最近三次有關同一出國計畫之實際執行情形_國外旅費3
240,113,一、定期會議,,,,,,,,,,,,,,,,,,,,,
240,113,01　網際網路會議、電腦系統技術與管理等研討會-2M,歐美亞洲,網路技術發展及資源分享、電腦系統技術與管理等相關研究,4,2,70,39,29,138,學術研究與人才培育,美國舊金山,108.08,1,143,馬來西亞,108.07,3,148,新加坡,108.10,1,40
240,113,02　軟體技術與發展、資料儲存技術與應用等研討會-3M,歐美亞洲,電腦軟體技術與應用相關事宜,3,1,60,32,18,110,學術研究與人才培育,美國舊金山,107.11,1,158,美國聖他克拉拉,107.09,1,119,德國柏林,107.06,1,138
240,113,03　資訊安全研討會-30,歐美亞洲,電腦資訊安全相關事宜,5,1,56,24,52,132,學術研究與人才培育,美國拉斯維加斯,108.08,2,304,美國拉斯維加斯,107.08,1,149,美國拉斯維加斯,106.07,1,142
240,113,04　太平洋鄰里協會年會暨聯合會議-3M,歐美亞洲,資訊共享與資源交換，促進國際合作,5,15,402,710,5,1117,學術研究與人才培育,日本沖繩,112.02,2,96,美國亞利桑那,111.09,4,487,新加坡,108.10,11,629
240,113,"05　2024 PRIM&R conference-48",美國,醫學研究倫理及人文社會科學研究倫理,8,3,140,80,80,300,學術研究與人才培育,美國聖地牙哥,107.11,5,634,美國波士頓,108.11,2,321,美國(視訊會議),109.12,10,253
240,113,"06　2024 FERCAP conference-48",亞洲,醫學研究倫理,6,2,55,42,15,112,學術研究與人才培育,韓國大邱,111.11,2,138,馬來西亞檳城,108.11,2,84,菲律賓(視訊會議),109.12,2,3
240,113,"07　2024 AAHRPP conference-48",美國,醫學研究倫理及人文社會科學研究倫理,6,3,140,80,80,300,學術研究與人才培育,美國丹佛,107.04,2,181,美國底特律,106.05,2,217,美國紐奧蘭,108.05,4,452
240,113,08　實驗動物照護及使用委員會-15,歐美亞洲,實驗動物趨勢、新知與交流分享,15,1,91,74,6,171,學術研究與人才培育,捷克,108.06,1,106,美國,108.10,1,87,美國,111.11,1,138
240,113,09　中長程學術發展-91,希臘,世界研究誠信大會,7,3,292,144,100,536,學術研究與人才培育,香港,108.06,3,170,,,,,,,,
240,113,10　深耕計畫-15,歐美亞地區,發表論文及參加會議,90,50,2000,2700,300,5000,學術研究與人才培育,,,,,,,,,,,,
240,113,11　表現理論與組合-10,歐美亞洲,發表論文,7,5,100,90,,190,數理科學研究,,,,,,,,,,,,
240,113,12　代數與數論-10,歐美亞洲,發表論文,7,5,100,90,,190,數理科學研究,,,,,,,,,,,,
240,113,13　幾何與數學物理-10,歐美亞洲,發表論文,7,5,100,90,,190,數理科學研究,,,,,,,,,,,,
240,113,14　微分方程-10,歐美亞洲,發表論文,7,5,100,90,,190,數理科學研究,,,,,,,,,,,,
240,113,15　幾何分析-10,歐美亞洲,發表論文,7,5,100,90,,190,數理科學研究,,,,,,,,,,,,
240,113,16　美國物理年會-11,美國,參加會議及發表論文,6,6,256,383,66,705,數理科學研究,美國,112.03,4,292,,,,,,,,
240,113,17　美國地球物理聯合會-14,美國,發表論文,7,14,504,720,42,1266,數理科學研究,美國舊金山,111.12,2,140,,,,,,,,
240,113,18　數理統計研究、統計計算、統計機器學習-10,歐美亞澳洲,國際統計學會年會、聯合統計會議、歐美亞各區域學會會議,7,10,320,330,80,730,數理科學研究,美國、日本、印度,109.02,16,454,,,,,,,,
240,113,19　生物統計、生物資訊-10,歐美亞洲,數理統計、生物資訊與統計遺傳學、癌症研究等會議,5,3,180,120,90,390,數理科學研究,美國、亞洲,108.08,3,284,,,,,,,,
240,113,20　資料庫整合統計方法學、實驗設計、函數資料與序貫分析-10,歐美亞澳洲,實驗設計、函數資料與序貫分析會議,7,5,120,150,30,300,數理科學研究,歐美亞,111.06,6,210,,,,,,,,
240,113,21　醫學與遺傳統計、社會網絡、精準醫療-10,歐美亞澳洲,醫學與遺傳統計、社會網絡、精準醫療會議,6,4,125,120,10,255,數理科學研究,美、亞,108.07,3,317,,,,,,,,
240,113,22　生醫資料智慧化計畫-10,歐美亞澳,參加國際學術會議、進行學術交流,7,5,191,190,25,406,學術研究與人才培育,,,,,,,,,,,,
240,113,23　神經科學會議-15,歐美亞澳洲,參加國際學術會議,7,3,180,105,75,360,生命科學研究,瑞士,111.09,1,40,法國,111.09,2,238,美國,111.09,1,100
240,113,24　植物生物學會議-15,歐美亞澳洲,參加國際學術會議,7,2,120,70,50,240,生命科學研究,西班牙,111.09,5,192,比利時,111.08,1,120,美國,108.08,1,120
240,113,25　細胞生物學會議-15,歐美亞澳洲,參加國際學術會議,7,2,120,70,50,240,生命科學研究,加拿大,109.02,1,90,美國,108.12,1,60,美國,108.11,2,165
240,113,26　天文及天文物理相關研究之定期會議-11,歐美亞澳洲,研討CFHT發展、東亞地區天文發展、Subaru-HSC合作方向、赴ALMA天文台進行諮詢委員合作會議,6,8,440,200,,640,數理科學研究,美、亞,109.01,5,493,,,,,,,,
240,113,27　台灣、中國與世界民族誌研究-75,歐美亞洲,參加學術會議,14,2,68,55,5,128,人文及社會科學研究,西雅圖、費城,111.11,1,120,,,,,,,,
240,113,28　原住民及宗教生活研究-75,歐美亞澳,參加學術會議,20,2,75,62,9,146,人文及社會科學研究,,,,,,,,,,,,
240,113,29　文化、心理與身體經驗-81,歐美亞洲,參加學術會議,22,2,71,65,7,143,人文及社會科學研究,,,,,,,,,,,,
240,113,30　文化生產與共作-75,歐美亞澳,參加學術會議,30,3,95,88,6,189,人文及社會科學研究,,,,,,,,,,,,
240,113,31　民族學研究-75,歐美地區,參加學術會議,28,2,84,76,5,165,人文及社會科學研究,明尼阿波利斯,111.11,1,39,,,,,,,,
240,113,32　出席歐美研究相關議題會議-72,美國,美國研究,7,1,50,25,2,77,人文及社會科學研究,瑞士,112.02,1,120,,,,,,,,
240,113,33　出席歐美研究相關議題會議-73,美國,美國哲學學會2024年會,5,1,50,24,2,76,人文及社會科學研究,英國,111.09,1,120,,,,,,,,
240,113,34　出席歐美研究相關議題會議-73,美國,美國哲學學會太平洋區年會,6,1,50,24,2,76,人文及社會科學研究,美國,111.06,1,96,,,,,,,,
240,113,35　出席歐美研究相關議題會議-80,美國,美國民意研究協會第79屆年會,8,1,50,24,2,76,人文及社會科學研究,,,,,,,,,,,,
240,113,36　出席歐美研究相關議題會議-80,美國,美國人口學會,4,1,50,17,2,69,人文及社會科學研究,,,,,,,,,,,,
240,113,37　出席歐美研究相關議題會議-80,加拿大,美國社會學會2024年會,5,1,50,17,2,69,人文及社會科學研究,,,,,,,,,,,,
240,113,38　出席歐美研究相關議題會議-84,英國,歐洲國際法學會年會,5,1,55,19,2,76,人文及社會科學研究,,,,,,,,,,,,
240,113,39　出席歐美研究相關議題會議-84,法國,世界國際法學會雙年會，會議議題：國際消費者保護的最新發展與司法實踐,8,1,55,19,2,76,人文及社會科學研究,,,,,,,,,,,,
240,113,40　台灣史研究-76,歐亞地區,參加國際學術會議,15,2,65,142,2,209,人文及社會科學研究,,,,,,,,,,,,
240,113,41　國際社會學會議-80,歐亞美澳非,國際社會學會議,5,14,400,513,,913,人文及社會科學研究,日本,109.02,1,98,美國哥倫比亞及英國倫敦,108.10,1,150,斯洛維尼亞,111.11,1,233
240,113,42　生醫科學應用相關研究之定期會議-48,歐美亞太地區,參加會議及發表論文,5,10,500,435,130,1065,數理科學研究,美國、德國,111.12,1,221,美國,109.03,1,101,美國,108.12,1,36
240,113,43　綠色科技相關研究之定期會議-2G,歐美亞太地區,參加會議及發表論文,5,10,500,435,130,1065,數理科學研究,美國,111.12,1,120,美國,111.10,1,40,美國,111.10,1,36
240,113,44　量子科技相關研究之定期會議-11,歐美亞太,參加會議、發表論文,5,4,235,91,25,351,數理科學研究,,,,,,,,,,,,
240,113,45　政治學研究-83,歐亞美地區,政治學門相關會議研討會及學術研究合作,8,12,444,400,210,1054,人文及社會科學研究,美國,112.01,1,126,加拿大,111.09,1,118,西雅圖,111.09,1,313
240,113,46　美國地球物理聯合會秋季會議-13,美國,參加會議及發表論文,6,3,120,118,,238,數理科學研究,美國,111.12,1,31,,,,,,,,
240,113,47　演化相關會議-15,歐美亞澳非洲,參加會議及發表論文,6,6,220,180,30,430,生命科學研究,日本,111.11,1,59,英國,111.10,1,105,德國,111.10,1,45
240,113,二、不定期會議,,,,,,,,,,,,,,,,,,,,,
240,113,48　專利及技術移轉相關會議-6L,歐美亞澳洲,參加國際會議,10,2,136,39,1,176,學術研究與人才培育,美國費城,108.06,1,131,美國波士頓,107.06,1,157,,,,
240,113,49　審查委員主題審查-15,歐美亞洲,學術發展及審議相關研討,8,8,511,200,24,735,學術研究與人才培育,美國,105.09,5,585,美國,104.08,4,611,美國,103.08,6,702
240,113,50　延攬資深學人開辦費-16,歐美亞澳地區,參加國際學術會議、發表論文、學術研討,6,15,750,420,92,1262,學術研究與人才培育,,,,,,,,,,,,
240,113,51　人文社會科學新領域之開發及研究環境之改善-91,歐美亞澳地區,參加國際學術會議、發表論文、學術研討,6,20,700,400,100,1200,學術研究與人才培育,,,,,,,,,,,,
240,113,52　創新性研究計畫-16,歐美亞澳地區,參加國際學術會議、發表論文、學術研討,6,6,360,180,60,600,學術研究與人才培育,,,,,,,,,,,,
240,113,53　生物技術之研發及在醫學之應用-4L,歐美亞澳地區,參加國際學術會議、發表論文、學術研討,6,22,750,450,150,1350,學術研究與人才培育,,,,,,,,,,,,
240,113,54　數理科學新領域之開發及研究環境之改善-16,歐美亞澳地區,參加國際學術會議、發表論文、學術研討,6,10,500,440,60,1000,學術研究與人才培育,,,,,,,,,,,,
240,113,55　博士後研究學者培育計畫-4L,歐美亞紐澳非等地區,出席學術研討會、進行學術交流及資料收集等,5,10,546,585,,1131,學術研究與人才培育,,,,,,,,,,,,
240,113,56　前瞻計畫-11,歐美亞太地區,出席國際學術會議、發表論文、演講及學術交流訪問等,12,40,2711,1400,600,4711,學術研究與人才培育,,,,,,,,,,,,
240,113,57　深耕計畫-85,歐美亞地區,發表論文及參加會議,90,45,1900,2322,200,4422,學術研究與人才培育,,,,,,,,,,,,
240,113,58　主題研究計畫-16,歐美亞澳地區,參加國際學術會議、發表論文、學術研討,6,25,1000,750,508,2258,學術研究與人才培育,德國,109.02,1,65,美國,109.02,1,50,,,,
240,113,59　關鍵突破種子計畫-15,歐美亞非大洋洲,參加會議、發表論文、學術研討,13,15,1650,950,226,2826,學術研究與人才培育,,,,,,,,,,,,
240,113,60　關鍵突破研究計畫-15,歐美亞非大洋洲,參加會議、發表論文、學術研討,10,70,4000,3000,537,7537,學術研究與人才培育,,,,,,,,,,,,
240,113,61　核心設施及新創儀器計畫-15,歐美亞澳非,國際會議,8,14,380,550,50,980,學術研究與人才培育,,,,,,,,,,,,
240,113,62　因應流行病研究計畫-40,歐美亞澳非,參加會議及發表論文、演講,7,15,1224,580,80,1884,學術研究與人才培育,,,,,,,,,,,,
240,113,63　任務導向生技研究計畫-4L,歐美亞澳非洲,參加會議及發表論文、演講,7,12,750,600,,1350,學術研究與人才培育,,,,,,,,,,,,
240,113,64　任務導向生技研究計畫-4L,歐美亞澳非洲,藥廠合作協議,7,5,268,200,22,490,學術研究與人才培育,,,,,,,,,,,,
240,113,65　重要新興領域推動計畫-41,歐美亞澳非,參加會議及發表論文、演講,7,3,138,39,10,187,學術研究與人才培育,,,,,,,,,,,,
240,113,66　永續農學計畫-15,歐美亞澳非洲,參加會議及發表論文、演講,6,8,400,240,36,676,學術研究與人才培育,美國聖地牙哥,108.01,1,79,日本名古屋,108.03,4,129,"德國Bad Staffelstein",111.09,1,178
240,113,67　永續科學研究計畫-16,歐美非亞澳洲等地區,參加會議、進行學術交流,10,30,1200,1385,100,2685,學術研究與人才培育,法國,111.09,2,213,日本,111.11,1,150,美國,111.12,1,160
240,113,68　學研合作(與大學、學研機構及醫學中心合作計畫)-16,歐亞美澳非,參加會議及發表論文、演講等,5,10,288,135,1,424,學術研究與人才培育,,,,,,,,,,,,
240,113,69　支援退休院士及ISC下國內各學會每年派代表兩人出席國際會議、本院派員出席ISC及TWAS相關國際組織會議-91,歐美亞大洋洲,國際組織年會、研討會或其他學術會議,7,15,1337,900,195,2432,學術研究與人才培育,義大利特里斯特,107.11,5,450,韓國首爾,107.10,2,101,法國巴黎,106.07,6,1069
240,113,70　與國內大學合作培育國際研究生計畫(TIGP)-16,亞太、歐洲及美洲,參與學程相關國際會議,6,20,380,450,70,900,學術研究與人才培育,,,,,,,,,,,,
240,113,71　與國內外學術研究機構合辦學程及研究進修計畫-11,歐洲、美洲、亞洲,學術研究合作,5,5,220,241,105,566,學術研究與人才培育,日本,108.04,3,32,日本,108.12,8,239,日本,112.02,5,138
240,113,72　表現理論與組合-10,歐美亞洲,發表論文,7,5,100,90,,190,數理科學研究,,,,,,,,,,,,
240,113,73　代數與數論-10,歐美亞洲,發表論文,7,5,100,90,,190,數理科學研究,,,,,,,,,,,,
240,113,74　幾何與數學物理-10,歐美亞洲,發表論文,7,5,100,90,,190,數理科學研究,,,,,,,,,,,,
240,113,75　微分方程-10,歐美亞洲,發表論文,7,5,100,90,,190,數理科學研究,,,,,,,,,,,,
240,113,76　幾何分析-10,歐美亞洲,發表論文,7,5,100,90,,190,數理科學研究,,,,,,,,,,,,
240,113,77　歐美亞澳不定期學術會議-11,歐美亞澳洲,參加會議及發表論文,6,20,855,1095,133,2083,數理科學研究,,,,,,,,,,,,
240,113,78　有機無機化學會議-12,歐美亞洲,參加國際學術會議及發表論文,6,5,250,288,40,578,數理科學研究,美國,110.05,1,11,法國,108.08,1,120,美國,111.12,1,120
240,113,79　材料化學會議-12,歐美亞洲,參加國際學術會議及發表論文,6,4,200,230,32,462,數理科學研究,德國,109.04,1,9,美國,108.05,1,112,波蘭,111.07,1,100
240,113,80　理論計算化學會議-12,歐美亞洲,參加國際學術會議及發表論文,7,2,84,134,16,234,數理科學研究,美國,111.05,1,90,美國,110.10,1,30,德國,108.06,1,120
240,113,81　生物化學會議-15,歐美亞洲,參加國際學術會議及發表論文,7,5,205,286,40,531,數理科學研究,墨西哥,111.12,1,102,日本,110.11,1,6,愛爾蘭,108.10,1,120
240,113,82　魚類、分子生物學相關會議-15,歐美亞洲,出席國際會議及合作研究,7,14,630,748,252,1630,生命科學研究,美國聖地牙哥,111.11,2,231,葡萄牙Algarvel,111.10,1,110,美國Massachusetts,111.08,1,189
240,113,83　魚類、分子生物學相關會議-15,歐美亞洲,採集樣本、收集資料、合作研究及實驗,10,2,90,108,20,218,生命科學研究,美國聖地牙哥,111.04,1,7,日本神奈川,109.02,2,54,日本東京,108.12,2,51
240,113,84　癌症研究-15,歐美亞洲,出席國際會議,7,1,45,54,20,119,生命科學研究,西班牙巴塞隆納,108.09,1,114,美國亞特蘭大,108.03,1,112,俄羅斯聖彼得堡,107.07,1,151
240,113,85　魚類免疫及分子生物學相關會議-15,歐美亞洲,出席國際會議(臨海研究站),7,3,135,169,57,361,生命科學研究,加拿大溫哥華,111.09,1,2,法國Montpellier,111.06,1,30,法國東比利牛斯省,109.01,1,82
240,113,86　微生物學、分子生物學、生化學與植物學相關計畫研究-15,歐美亞澳等國,參加國際會議及發表學術論文,7,29,1105,1077,250,2432,生命科學研究,,,,,,,,,,,,
240,113,87　生物化學研究-15,歐美亞澳非洲,參加會議及發表論文,6,24,600,874,270,1744,生命科學研究,,,,,,,,,,,,
240,113,88　地震與地質防災研討會-14,歐美亞太地區,發表論文,7,6,156,205,18,379,數理科學研究,,,,,,,,,,,,
240,113,89　地球物理研討會-14,歐美亞太地區,發表論文,7,8,288,244,24,556,數理科學研究,,,,,,,,,,,,
240,113,90　地球化學研討會-14,歐美亞太地區,發表論文,7,4,124,133,12,269,數理科學研究,,,,,,,,,,,,
240,113,91　語言與知識處理-3M,歐美亞洲,資訊科學研究及論文發表,5,3,150,130,20,300,數理科學研究,新、日、英、美、義、克,108.01,5,338,,,,,,,,
240,113,92　資料探勘與機器學習-3M,歐美亞洲,資訊科學研究及論文發表,5,3,150,135,15,300,數理科學研究,美、加、希、日、英、捷、義,106.01,10,535,,,,,,,,
240,113,93　電腦系統-3M,歐美亞洲,資訊科學研究及論文發表,5,3,150,135,15,300,數理科學研究,美、日、加、英、新,106.01,10,720,,,,,,,,
240,113,94　生物資訊-3M,歐美亞洲,資訊科學研究及論文發表,5,3,150,135,15,300,數理科學研究,美、日、英、捷、加、瑞,106.01,7,497,,,,,,,,
240,113,95　多媒體技術-3M,歐美亞洲,資訊科學研究及論文發表,5,3,150,195,15,360,數理科學研究,美、日、西、馬、阿、新、德、荷、泰,108.01,9,662,,,,,,,,
240,113,96　計算理論與演算法-3M,歐美亞洲,資訊科學研究及論文發表,5,3,150,135,15,300,數理科學研究,德、美、日、荷、瑞典、加、英、澳、希、西、匈、義、印尼,109.01,4,339,,,,,,,,
240,113,97　程式語言與形式方法-3M,歐美亞洲,資訊科學研究及論文發表,5,3,150,135,15,300,數理科學研究,德、美、加、日、瑞典、捷、義、法、荷、菲、斯,108.01,6,405,,,,,,,,
240,113,98　網路系統與服務-3M,歐美亞洲,資訊科學研究及論文發表,5,3,150,130,20,300,數理科學研究,法、美、澳、新、以、法、紐、日、義,106.01,10,683,,,,,,,,
240,113,99　生物醫學科學研究-40,歐美亞洲,生物、醫學相關研究,6,35,1365,1802,100,3267,生命科學研究,,,,,,,,,,,,
240,113,100　數理統計研究、網絡數據、環境及智慧健康-10,歐美亞澳非洲,數理統計相關會議或研討會、學術或技術交流,6,8,250,250,60,560,數理科學研究,印度,109.02,11,184,,,,,,,,
240,113,101　生物統計、生物資訊研究與人工智慧在癌症基因或醫學的應用-10,歐美亞澳洲,"生物統計與生物資訊研究、人工智慧在癌症基因或醫學應用相關會 議",7,6,155,155,20,330,數理科學研究,歐美,111.11,2,145,,,,,,,,
240,113,102　高維度資料與深度模型之穩健統計、資料視覺化-10,歐美亞澳洲,資訊視覺化、高頻及高維度數據、深度學習等相關研討會,6,3,90,90,10,190,數理科學研究,歐美亞洲,108.08,16,584,,,,,,,,
240,113,103　物理、化學、光譜、尖端材料、表面、能源、生物分析等研究相關會議及學術交流-12,歐美亞澳洲,參加國際學術會議、發表論文及學術交流訪問等,5,26,800,998,120,1918,數理科學研究,捷克布拉格,112.07,1,80,南韓濟州,111.10,1,70,美國波士頓,111.11,2,160
240,113,104　材料與分析科技探索計畫-11,歐美亞澳,參加國際學術會議、發表論文及學術交流訪問等,7,15,642,580,42,1264,學術研究與人才培育,,,,,,,,,,,,
240,113,105　分子生物研究相關會議-15,歐美亞澳洲,參加國際學術會議,7,27,1473,750,577,2800,生命科學研究,日本,111.12,2,187,美國,111.08,4,352,德國,111.07,2,132
240,113,106　天文領域相關國際會議-11,歐美亞澳洲,發表論文,6,13,650,325,170,1145,數理科學研究,美、亞,111.11,7,462,,,,,,,,
240,113,107　天文儀器研發相關國際會議-22,歐美亞澳洲,發表論文,7,5,250,150,50,450,數理科學研究,美、歐,110.01,3,185,,,,,,,,
240,113,108　植物基因體相關國際會議-15,歐美亞澳洲,學術討論與發表論文,6,2,80,68,28,176,南部院區,,,,,,,,,,,,
240,113,109　植物分子生物學相關國際會議-15,歐美亞澳洲,學術討論與發表論文,6,2,82,68,28,178,南部院區,,,,,,,,,,,,
240,113,110　轉譯體學相關國際會議-15,歐美亞澳洲,學術討論與發表論文,7,2,93,65,29,187,南部院區,,,,,,,,,,,,
240,113,111　蘭花植物相關國際會議-15,歐美亞澳洲,學術討論與發表論文,7,2,85,65,28,178,南部院區,,,,,,,,,,,,
240,113,112　植物學相關國際會議-15,歐美亞澳洲,學術討論與發表論文,6,2,80,70,27,177,南部院區,,,,,,,,,,,,
240,113,113　生化及分子生物學相關會議-15,歐美亞澳非洲,參加會議、發表論文,7,8,228,132,36,396,生命科學研究,菲律賓Iloilo,108.04,1,22,日本東京,108.08,1,64,馬來西亞吉隆坡,108.11,1,32
240,113,114　國際植物分子生物學相關會議-15,歐美亞澳非洲,參加會議、發表論文,8,5,351,185,60,596,生命科學研究,美國聖地牙哥,112.01,1,44,泰國芭達雅,111.07,1,39,愛爾蘭BELFAST,111.06,1,111
240,113,115　基因與疫苗相關國際會議-15,歐美亞澳非洲,參加會議、發表論文,5,4,16,13,5,34,生命科學研究,美國休士頓,108.01,1,40,荷蘭阿姆斯特丹,107.06,1,40,葡萄牙里斯本,106.08,1,60
240,113,116　藥用植物相關會議-15,歐美亞澳非洲,參加會議、發表論文,7,3,20,18,9,47,生命科學研究,美國聖地牙哥,111.06,1,40,泰國曼谷,108.03,1,30,泰國清邁,108.06,1,12
240,113,117　史學及考文研究相關之學術會議-76,歐美亞澳非等地區,出席國際學術會議等,7,8,400,550,50,1000,人文及社會科學研究,,,,,,,,,,,,
240,113,118　數位人文研究計畫-74,歐美亞澳,出席國際學術會議、展覽，進行學術交流,18,5,265,300,1,566,學術研究與人才培育,美國波士頓,112.03,5,445,,,,,,,,
240,113,119　近代史研究及史料搜集整編-76,歐美亞等地,出席國際學術會議等,5,10,260,284,74,618,人文及社會科學研究,美國,112.03,1,39,美國,112.03,1,17,美國,112.03,1,166
240,113,120　各學門經濟問題專題研討會-85,歐美亞地區,出席會議或發表論文等,7,25,876,973,211,2060,人文及社會科學研究,印度孟買,112.01,1,11,美國新奧爾良,112.01,1,123,美國達拉斯,111.11,1,80
240,113,121　出席歐美研究相關議題會議-73,美國,2024年美國哲學會太平洋區年會,12,1,50,24,2,76,人文及社會科學研究,,,,,,,,,,,,
240,113,122　出席歐美研究相關議題會議-84,英國,"主要議題:  AI、公共衛生與法律",8,1,55,19,2,76,人文及社會科學研究,,,,,,,,,,,,
240,113,123　文學、哲學及經學研究-73,歐、美及亞洲等國,文哲經等學術及研究相關領域,10,5,180,200,,380,人文及社會科學研究,,,,,,,,,,,,
240,113,124　台灣史研究-76,歐亞地區,參加國際學術會議、商談學術研究合作事宜,26,4,150,237,2,389,人文及社會科學研究,,,,,,,,,,,,
240,113,125　國際社會學會議-80,歐亞美澳非,國際社會學會議,5,3,20,27,,47,人文及社會科學研究,南韓首爾,108.12,1,9,美國芝加哥,108.12,2,372,墨西哥,111.12,1,76
240,113,126　語言學研究-72,歐亞美洲,語言學國際會議,7,10,400,697,100,1197,人文及社會科學研究,歐亞美洲,110.01,2,150,,,,,,,,
240,113,127　應用科學相關研究之國際會議暨研討-16,歐美亞太地區,參加會議及發表論文,5,3,90,50,20,160,數理科學研究,日本,108.03,6,119,以色列,108.10,1,129,芬蘭,108.09,1,108
240,113,128　全球氣候變遷研討會-13,歐美亞太地區,參加會議及發表論文,6,4,160,144,,304,數理科學研究,歐美,111.06,6,683,,,,,,,,
240,113,129　國際全球大氣化學研討會-13,歐美亞太地區,參加會議及發表論文,6,4,160,144,,304,數理科學研究,歐美,111.09,2,160,,,,,,,,
240,113,130　海洋科學研討會-1A,歐美亞太地區,參加會議及發表論文,6,3,113,108,,221,數理科學研究,美國,111.07,1,79,,,,,,,,
240,113,131　海洋生物多樣性研討會-15,歐美亞澳非,海洋生態保育、海岸研討,5,8,394,280,56,730,生命科學研究,泰國,111.12,1,64,馬來西亞,111.11,2,78,日本,111.10,1,89
240,113,132　陸域生物多樣性研討會-15,歐美亞澳非,陸域生態、社會性昆蟲研討,5,10,580,204,60,844,生命科學研究,日本,111.12,1,77,泰國,111.11,1,36,德國,111.10,1,45
240,113,133　化學生物學相關研究之國際會議暨研討-15,歐美亞澳洲,與基因體相關研究之國際會議,7,8,460,240,200,900,生命科學研究,美國聖地牙哥,112.01,1,37,南韓濟州,111.10,1,75,美國長島,111.09,1,126
240,113,134　醫學生物學相關研究之國際會議暨研討-40,歐美亞澳洲,與基因體相關研究之國際會議,7,8,460,240,200,900,生命科學研究,義大利盧卡,112.03,1,122,美國華盛頓特區,111.10,1,191,美國拉斯維加斯,111.10,1,153
240,113,135　物理與資訊基因體學相關研究之國際會議暨研討-15,歐美亞澳洲,與基因體相關研究之國際會議,7,8,460,240,200,900,生命科學研究,英國曼徹斯特,108.07,1,63,印度孟買,108.12,2,132,美國舊金山,109.02,1,24
240,113,136　人文社會科學研究-91,歐美亞等洲,出席會議並發表論文等,6,12,492,514,72,1078,人文及社會科學研究,泰國,111.11,1,43,杜拜,111.11,1,90,澳洲雪梨,111.12,1,90
240,113,137　法律學研究-84,歐美亞澳非洲,參加會議及發表論文,6,11,418,523,104,1045,人文及社會科學研究,美洲(線上會議),110.05,1,5,歐美洲,111.06,2,182,歐美亞澳洲,112.07,12,816
240,113,138　資訊科技創新跨領域研究-3M,歐美亞洲,參加會議及發表論文,7,7,250,232,9,491,數理科學研究,,,,,,,,,,,,
240,113,139　資通安全計畫-3M,歐美亞洲,參加會議及發表論文,6,3,180,110,10,300,數理科學研究,,,,,,,,,,,,
240,113,140　智慧物聯網-3M,歐美亞洲,參加會議及發表論文,8,9,372,350,20,742,數理科學研究,,,,,,,,,,,,
240,113,141　AACR年會-4L,美國,參加AACR年會，發表論文或演講,9,1,220,50,25,295,生命科學研究,,,,,,,,,,,,
240,113,142　歐洲腫瘤內科學會-4L,西班牙、歐美亞洲,參加歐洲腫瘤內科學會並進行成果發表，及其他相關年會,8,1,220,40,15,275,生命科學研究,,,,,,,,,,,,
240,114,一、定期會議,,,,,,,,,,,,,,,,,,,,,
240,114,01　網際網路會議、電腦系統技術與管理等研討會-2M,歐美亞洲,網路技術發展及資源分享、電腦系統技術與管理等相關研究,4,1,70,39,29,138,學術研究與人才培育,美國舊金山,108.08,1,143,新加坡,108.10,1,40,美國,112.09,2,390
240,114,02　軟體技術與發展、資料儲存技術與應用等研討會-3M,歐美亞洲,電腦軟體技術與應用相關事宜,3,1,60,32,18,110,學術研究與人才培育,德國柏林,107.06,1,138,美國聖他克拉拉,107.09,1,119,美國舊金山,107.11,1,158
240,114,03　資訊安全研討會-30,歐美亞洲,電腦資訊安全相關事宜,5,1,56,24,52,132,學術研究與人才培育,美國拉斯維加斯,106.07,1,142,美國拉斯維加斯,107.08,1,149,美國拉斯維加斯,108.08,2,304
240,114,04　太平洋鄰里協會年會暨聯合會議-3M,歐美亞洲,資訊共享與資源交換，促進國際合作,5,14,403,702,12,1117,學術研究與人才培育,日本沖繩,112.02,2,96,日本沖繩,112.11,4,1004,南韓首爾,113.01,3,147
240,114,"05　2025 PRIM&R conference-48",美國,醫學研究倫理及人文社會科學研究倫理,8,3,140,88,88,316,學術研究與人才培育,美國波士頓,108.11,2,321,美國(視訊會議),109.12,10,253,美國華盛頓特區,112.12,2,344
240,114,"06　2025 FERCAP conference-48",亞洲,醫學研究倫理,6,2,60,31,15,106,學術研究與人才培育,菲律賓(視訊會議),109.12,2,3,韓國大邱,111.11,2,138,馬來西亞吉隆坡,112.11,1,40
240,114,"07　2025 AAHRPP conference-48",美國,醫學研究倫理及人文社會科學研究倫理,6,3,140,66,84,290,學術研究與人才培育,美國丹佛,107.04,2,181,美國紐奧蘭,108.05,4,452,美國巴爾的摩,112.05,3,453
240,114,08　實驗動物照護及使用委員會-15,歐美亞洲,實驗動物趨勢、新知與交流分享,15,1,90,90,18,198,學術研究與人才培育,美國,108.10,1,87,美國,111.11,1,138,美國,112.10,1,143
240,114,09　中長程學術發展-91,泰國,研究誠信,5,4,72,120,64,256,學術研究與人才培育,日本,112.03,4,15,,,,,,,,
240,114,10　生醫資料精準醫療計畫-10,歐美亞澳,參加國際學術會議、進行學術交流,8,7,280,360,10,650,學術研究與人才培育,,,,,,,,,,,,
240,114,11　表現理論與組合-10,歐美亞洲,發表論文,7,5,110,110,,220,數理科學研究,,,,,,,,,,,,
240,114,12　代數與數論-10,歐美亞洲,發表論文,7,5,110,110,,220,數理科學研究,,,,,,,,,,,,
240,114,13　幾何與數學物理-10,歐美亞洲,發表論文,7,5,110,110,,220,數理科學研究,,,,,,,,,,,,
240,114,14　微分方程-10,歐美亞洲,發表論文,7,5,110,110,,220,數理科學研究,,,,,,,,,,,,
240,114,15　幾何分析-10,歐美亞洲,發表論文,7,5,110,110,,220,數理科學研究,,,,,,,,,,,,
240,114,16　美國物理年會-11,美國,參加會議及發表論文,6,6,360,420,100,880,數理科學研究,美國,112.03,4,292,美國,113.03,2,200,,,,
240,114,17　美國地球物理聯合會-14,美國,發表論文,7,16,590,900,168,1658,數理科學研究,美國舊金山,111.12,2,140,美國舊金山,112.12,1,50,,,,
240,114,18　數理統計研究、統計計算、深度學習-10,歐美亞澳洲,國際統計學會年會、聯合統計會議、歐美亞各區域學會會議,7,14,445,430,90,965,數理科學研究,美國,111.08,2,240,美國,112.05,1,135,日本,112.07,1,187
240,114,19　生物統計、生物資訊-10,歐美亞洲,數理統計、生物資訊等會議,8,5,220,150,100,470,數理科學研究,美國,112.06,1,140,日本,112.07,1,20,英國,112.09,1,140
240,114,20　資料庫整合統計方法學、實驗設計、時空統計研究群-10,歐美亞澳洲,實驗設計、函數資料與序貫分析會議,7,6,160,160,30,350,數理科學研究,,,,,,,,,,,,
240,114,21　醫學與遺傳統計、社會網絡、精準醫療-10,歐美亞澳洲,醫學與遺傳統計、社會網絡、精準醫療會議,7,6,160,160,30,350,數理科學研究,加拿大,112.08,1,140,日本,112.07,2,152,,,,
240,114,22　神經科學會議-15,歐美亞澳洲,參加國際學術會議,7,3,150,135,75,360,生命科學研究,瑞士,111.09,1,40,法國,111.09,2,238,美國,111.09,1,100
240,114,23　植物生物學會議-15,歐美亞澳洲,參加國際學術會議,7,2,100,90,50,240,生命科學研究,比利時,111.08,1,120,西班牙,111.09,5,192,日本,112.09,1,60
240,114,24　天文及天文物理相關研究之定期會議-11,歐美亞澳洲,研討CFHT發展、東亞地區天文發展、Subaru-HSC合作方向、赴ALMA天文台進行諮詢委員合作會議,6,8,440,200,,640,數理科學研究,新加坡,112.07,1,84,美國,112.09,3,470,日本,112.10,1,36
240,114,25　台灣、中國與世界民族誌研究-75,歐美亞洲,參加學術會議,15,2,67,54,6,127,人文及社會科學研究,西雅圖、費城,111.11,1,120,美國多倫多,112.11,1,118,,,,
240,114,26　原住民及宗教生活研究-75,歐美亞澳,參加學術會議,20,4,115,95,12,222,人文及社會科學研究,日本大阪,112.04,1,71,菲律賓,112.06,1,40,美國安克拉治,112.08,1,35
240,114,27　文化、心理與身體經驗-81,歐美亞洲,參加學術會議,10,1,52,47,4,103,人文及社會科學研究,美國紐約,112.01,1,120,,,,,,,,
240,114,28　文化生產與共作-75,歐美亞澳,參加學術會議,30,3,96,89,7,192,人文及社會科學研究,澳洲墨爾本,112.10,1,104,,,,,,,,
240,114,29　民族學研究-75,歐美地區,參加學術會議,35,3,101,98,15,214,人文及社會科學研究,明尼阿波利斯,111.11,1,39,美國芝加哥,112.08,1,80,,,,
240,114,30　出席歐美研究相關議題會議-73,美國,美國哲學學會2025西部年會,5,1,50,47,2,99,人文及社會科學研究,,,,,,,,,,,,
240,114,31　出席歐美研究相關議題會議-84,英國,歐洲國際法學會,7,1,55,42,2,99,人文及社會科學研究,英國,112.09,1,120,,,,,,,,
240,114,32　出席歐美研究相關議題會議-80,美國,2025美國社會學年會,5,1,50,47,2,99,人文及社會科學研究,,,,,,,,,,,,
240,114,33　出席歐美研究相關議題會議-72,美國,美國研究學會年會,7,1,50,47,2,99,人文及社會科學研究,,,,,,,,,,,,
240,114,34　出席歐美研究相關議題會議-80,美國,美國人口學年會,4,1,50,47,2,99,人文及社會科學研究,,,,,,,,,,,,
240,114,35　出席歐美研究相關議題會議-73,美國,美國哲學學會年會-太平洋區,8,1,50,47,2,99,人文及社會科學研究,馬來西亞,112.12,1,39,,,,,,,,
240,114,36　出席歐美研究相關議題會議-84,英國,國際公法學會2025年度研討會,5,1,55,42,2,99,人文及社會科學研究,,,,,,,,,,,,
240,114,37　出席歐美研究相關議題會議-84,英國,世界國際法學會雙年會,8,1,55,42,2,99,人文及社會科學研究,,,,,,,,,,,,
240,114,38　台灣史研究-76,歐亞地區,參加國際學術會議,38,7,166,242,,408,人文及社會科學研究,韓國大田,112.06,1,51,韓國大田,112.06,1,53,韓國濟州,108.12,1,9
240,114,39　國際社會學會議-80,歐亞美澳非,國際社會學會議,5,14,400,564,,964,人文及社會科學研究,墨爾本,112.06,4,340,義大利,112.07,1,85,美國,112.08,1,85
240,114,40　生醫科學應用相關研究之定期會議-48,歐美亞太地區,參加會議及發表論文,5,10,600,435,130,1165,數理科學研究,日本,112.11,2,96,美國,112.08,1,91,波蘭,112.10,1,50
240,114,41　綠色科技相關研究之定期會議-2G,歐美亞太地區,參加會議及發表論文,5,10,600,435,130,1165,數理科學研究,美國,112.11,1,50,日本,112.11,1,69,義大利,112.11,1,50
240,114,42　量子科技相關研究之定期會議-11,歐美亞太,參加會議、發表論文,5,2,70,56,25,151,數理科學研究,,,,,,,,,,,,
240,114,43　政治學研究-83,歐亞美地區,政治學門相關會議研討會及學術研究合作,8,18,700,590,310,1600,人文及社會科學研究,美國,113.03,1,100,美國芝加哥,113.04,1,100,美國芝加哥,111.04,1,15
240,114,44　美國地球物理聯合會秋季會議-13,美國,參加會議及發表論文,6,3,120,118,,238,數理科學研究,美國,111.12,1,31,美國,112.12,1,188,,,,
240,114,45　演化相關會議-15,歐美亞澳非洲,參加會議及發表論文,5,6,220,200,30,450,生命科學研究,美國,112.09,1,47,澳大利亞,112.10,1,140,義大利,112.10,1,96
240,114,二、不定期會議,,,,,,,,,,,,,,,,,,,,,
240,114,46　專利及技術移轉相關會議-6L,歐美亞澳洲,參加國際會議,9,2,137,38,1,176,學術研究與人才培育,美國波士頓,107.06,1,157,美國費城,108.06,1,131,,,,
240,114,"47　68th Annual Biosafety and Biosecurity Conference-4L",美國,生物安全及生物保全最新發展,10,3,265,235,100,600,學術研究與人才培育,,,,,,,,,,,,
240,114,48　審查委員主題審查-15,歐美亞洲,學術發展及審議相關研討,8,8,320,390,25,735,學術研究與人才培育,美國,112.07,1,181,澳洲,112.11,1,91,澳洲,112.11,1,26
240,114,49　延攬資深學人開辦費-16,歐美亞澳地區,參加國際學術會議、發表論文、學術研討,6,15,750,420,92,1262,學術研究與人才培育,,,,,,,,,,,,
240,114,50　人文社會科學新領域之開發及研究環境之改善-91,歐美亞澳地區,參加國際學術會議、發表論文、學術研討,6,20,700,400,100,1200,學術研究與人才培育,,,,,,,,,,,,
240,114,51　創新性研究計畫-16,歐美亞澳地區,參加國際學術會議、發表論文、學術研討,6,6,360,180,60,600,學術研究與人才培育,,,,,,,,,,,,
240,114,52　生物技術之研發及在醫學之應用-4L,歐美亞澳地區,參加國際學術會議、發表論文、學術研討,6,22,750,450,150,1350,學術研究與人才培育,,,,,,,,,,,,
240,114,53　數理科學新領域之開發及研究環境之改善-16,歐美亞澳地區,參加國際學術會議、發表論文、學術研討,8,10,500,450,50,1000,學術研究與人才培育,,,,,,,,,,,,
240,114,54　博士後研究學者培育計畫-4L,歐美亞紐澳非等地區,出席學術研討會、進行學術交流及資料收集等,5,10,550,650,,1200,學術研究與人才培育,,,,,,,,,,,,
240,114,55　前瞻計畫-11,歐美亞太地區,出席國際學術會議、發表論文、演講及學術交流訪問等,12,50,3750,1600,650,6000,學術研究與人才培育,,,,,,,,,,,,
240,114,56　深耕研究計畫-85,歐美亞地區,發表論文及參加會議,5,100,4000,5400,600,10000,學術研究與人才培育,,,,,,,,,,,,
240,114,57　主題研究計畫-16,歐美亞澳地區,參加國際學術會議、發表論文、學術研討,6,30,1000,1200,800,3000,學術研究與人才培育,美國,112.08,1,58,日本,112.09,1,74,日本,112.11,1,100
240,114,58　關鍵突破種子計畫-15,歐美亞非大洋洲,參加會議、發表論文、學術研討,8,45,2565,1515,420,4500,學術研究與人才培育,,,,,,,,,,,,
240,114,59　關鍵突破研究計畫-15,歐美亞非大洋洲,參加會議、發表論文、學術研討,7,100,4200,3200,600,8000,學術研究與人才培育,,,,,,,,,,,,
240,114,60　核心設施及新創儀器計畫-15,歐美亞澳非,國際會議,8,15,400,570,70,1040,學術研究與人才培育,,,,,,,,,,,,
240,114,61　因應流行病研究計畫-40,歐美亞澳非,參加會議及發表論文、演講,7,15,1300,600,100,2000,學術研究與人才培育,,,,,,,,,,,,
240,114,62　任務導向生技研究計畫-4L,歐美亞澳非洲,參加會議及發表論文、演講,7,12,1033,600,,1633,學術研究與人才培育,,,,,,,,,,,,
240,114,63　任務導向生技研究計畫-4L,歐美亞澳非洲,藥廠合作協議,7,3,168,150,10,328,學術研究與人才培育,,,,,,,,,,,,
240,114,64　重要新興領域推動計畫-41,歐美亞澳非,參加會議及發表論文、演講,7,3,165,39,10,214,學術研究與人才培育,,,,,,,,,,,,
240,114,65　永續農學計畫-15,歐美亞澳非洲,參加會議及發表論文、演講,6,4,200,144,17,361,學術研究與人才培育,捷克,112.06,1,130,美國,112.07,1,214,美國,112.07,1,235
240,114,66　永續科學研究計畫-16,歐美非亞澳洲等地區,參加會議、進行學術交流,10,30,1200,1550,100,2850,學術研究與人才培育,日本,112.09,1,80,印尼,112.10,2,60,美國,112.12,2,180
240,114,67　學研合作(與大學、學研機構及醫學中心合作計畫)-16,歐亞美澳非,參加會議及發表論文、演講等,6,15,460,238,2,700,學術研究與人才培育,,,,,,,,,,,,
240,114,68　研發AI在人文與科學研究的創新應用-3M,歐亞美澳地區,參加國際學術會議、發表論文、學術研討,6,10,450,500,50,1000,學術研究與人才培育,,,,,,,,,,,,
240,114,69　支援退休院士及ISC下國內各學會每年派代表兩人出席國際會議、本院派員出席ISC及TWAS相關國際組織會議-91,歐美亞大洋洲,國際組織年會、研討會或其他學術會議,7,15,1445,1000,115,2560,學術研究與人才培育,法國巴黎,111.07,2,272,日本東京,112.03,1,94,義大利羅馬,112.07,2,294
240,114,70　與國內大學合作培育國際研究生計畫(TIGP)-16,亞太、歐洲及美洲,參與學程相關國際會議,6,20,420,485,70,975,學術研究與人才培育,,,,,,,,,,,,
240,114,71　與國內外學術研究機構合辦學程及研究進修計畫-11,歐洲、美洲、亞洲,學術研究合作,5,5,230,266,105,601,學術研究與人才培育,日本,108.12,8,239,日本,112.02,5,138,日本,113.02,4,100
240,114,72　本院與UCLA、京都大學舉辦三邊國際會議-16,美國,國際研討會,5,15,1200,800,100,2100,學術研究與人才培育,,,,,,,,,,,,
240,114,73　執行與國外科學院訪問研究計畫-16,歐洲,國際研討會、學術研究交流會議及參訪,8,16,1200,1280,20,2500,學術研究與人才培育,捷克布拉格,112.07,4,500,,,,,,,,
240,114,74　表現理論與組合-10,歐美亞洲,發表論文,7,5,110,110,,220,數理科學研究,,,,,,,,,,,,
240,114,75　代數與數論-10,歐美亞洲,發表論文,7,5,110,110,,220,數理科學研究,,,,,,,,,,,,
240,114,76　幾何與數學物理-10,歐美亞洲,發表論文,7,5,110,110,,220,數理科學研究,,,,,,,,,,,,
240,114,77　微分方程-10,歐美亞洲,發表論文,7,5,110,110,,220,數理科學研究,,,,,,,,,,,,
240,114,78　幾何分析-10,歐美亞洲,發表論文,7,5,110,110,,220,數理科學研究,,,,,,,,,,,,
240,114,79　歐美亞澳不定期學術會議-11,歐美亞澳洲,參加會議及發表論文,6,20,1100,1200,150,2450,數理科學研究,,,,,,,,,,,,
240,114,80　有機無機化學會議-12,歐美亞洲,參加國際學術會議及發表論文,6,5,350,288,40,678,數理科學研究,美國,110.05,1,11,澳洲,112.07,1,100,美國,111.12,1,120
240,114,81　材料化學會議-12,歐美亞洲,參加國際學術會議及發表論文,6,4,280,230,32,542,數理科學研究,德國,109.04,1,9,美國,112.06,1,100,波蘭,111.07,1,100
240,114,82　理論計算化學會議-12,歐美亞洲,參加國際學術會議及發表論文,7,2,90,134,16,240,數理科學研究,美國,111.05,1,90,美國,110.10,1,30,法國,112.12,1,80
240,114,83　生物化學會議-15,歐美亞洲,參加國際學術會議及發表論文,7,5,314,286,40,640,數理科學研究,墨西哥,111.12,1,102,日本,110.11,1,6,德國,112.08,1,100
240,114,84　魚類、分子生物學相關會議-15,歐美亞洲,出席國際會議及合作研究,7,14,637,790,238,1665,生命科學研究,比利時,112.10,1,109,日本MATSUE,112.10,1,113,美國華盛頓特區,112.11,2,160
240,114,85　魚類、分子生物學相關會議-15,歐美亞洲,採集樣本、收集資料、合作研究及實驗,10,2,91,163,30,284,生命科學研究,日本東京,112.05,1,14,日本沖繩,112.09,1,73,菲律賓宿霧,112.11,1,53
240,114,86　癌症研究-15,歐美亞洲,出席國際會議,7,1,46,57,15,118,生命科學研究,美國亞特蘭大,108.03,1,112,西班牙巴塞隆納,108.09,1,114,美國波士頓,112.12,1,80
240,114,87　魚類免疫及分子生物學相關會議-15,歐美亞洲,出席國際會議(臨海研究站),7,3,135,169,57,361,生命科學研究,加拿大溫哥華,111.09,1,2,新加坡,112.09,1,50,日本鹿兒島,112.12,1,72
240,114,88　微生物學、分子生物學、生化學與植物學相關計畫研究-15,歐美亞澳等國,參加國際會議及發表學術論文,7,30,1305,1255,300,2860,生命科學研究,,,,,,,,,,,,
240,114,89　生物化學研究-15,歐美亞澳非洲,參加會議及發表論文,6,24,600,1000,270,1870,生命科學研究,,,,,,,,,,,,
240,114,90　地震與地質防災研討會-14,歐美亞太地區,發表論文,7,5,130,195,15,340,數理科學研究,,,,,,,,,,,,
240,114,91　地球物理研討會-14,歐美亞太地區,發表論文,7,10,290,270,30,590,數理科學研究,,,,,,,,,,,,
240,114,92　地球化學研討會-14,歐美亞太地區,發表論文,7,8,248,320,24,592,數理科學研究,,,,,,,,,,,,
240,114,93　智慧計算研究群-3M,歐美亞洲,資訊科學研究及論文發表,5,15,600,800,160,1560,數理科學研究,日本,113.03,1,100,韓國,113.04,1,82,馬來西亞,112.12,1,100
240,114,94　系統研究群-3M,歐美亞洲,資訊科學研究及論文發表,5,9,300,400,70,770,數理科學研究,比利時,112.02,1,100,新加坡,112.12,1,100,美國,112.12,1,69
240,114,95　理論研究群-3M,歐美亞洲,資訊科學研究及論文發表,5,6,300,400,70,770,數理科學研究,盧森堡,113.04,1,120,德國,113.03,1,100,美國,112.08,1,100
240,114,96　生物醫學科學研究-40,歐美亞洲,生物、醫學相關研究,6,35,1865,1802,100,3767,生命科學研究,,,,,,,,,,,,
240,114,97　數理統計研究、網絡大數據、人工智慧(AI)-10,歐美亞澳非洲,數理統計相關會議或研討會、學術或技術交流,7,12,320,320,80,720,數理科學研究,美國,112.07,1,80,英國,111.12,1,116,日本,112.07,1,67
240,114,98　精準醫療、智慧健康-10,歐美亞澳洲,生物統計與生物資訊研究、人工智慧在癌症基因或醫學應用相關會議,7,6,160,160,50,370,數理科學研究,美國,112.07,2,140,日本,112.07,1,67,,,,
240,114,99　高維度資料與深度模型之穩健統計、資料視覺化-10,歐美亞澳洲,資訊視覺化、高頻及高維度數據、深度學習等相關研討會,6,6,120,120,20,260,數理科學研究,日本,112.03,1,30,日本,112.08,1,74,,,,
240,114,100　物理.化學.光譜.尖端材料.表面.能源.生物分析等研究相關會議及學術交流-12,歐美亞澳洲,出席國際學術會議、發表論文、演講及學術交流訪問等,7,39,1400,1200,400,3000,數理科學研究,美國,113.05,3,200,日本,112.09,2,100,捷克,112.07,1,60
240,114,101　材料與分析科技探索計畫-11,歐美亞澳,參加國際學術會議、發表論文及學術交流訪問等,7,15,720,580,42,1342,學術研究與人才培育,,,,,,,,,,,,
240,114,102　分子生物研究相關會議-15,歐美亞澳洲,參加國際學術會議,7,31,1470,1152,658,3280,生命科學研究,韓國,112.11,1,26,美國,112.11,5,320,菲律賓,112.11,2,70
240,114,103　天文領域相關國際會議-11,歐美亞澳洲,發表論文,6,13,650,325,170,1145,數理科學研究,美、亞、歐洲,112.02,17,1354,,,,,,,,
240,114,104　天文儀器研發相關國際會議-22,歐美亞澳洲,發表論文,7,5,250,120,45,415,數理科學研究,美、亞洲,112.07,2,134,,,,,,,,
240,114,105　阿拉伯芥植物相關國際會議-15,歐美亞澳洲,學術討論與發表論文,7,2,88,60,30,178,南部院區,,,,,,,,,,,,
240,114,106　生化及分子生物學相關會議-15,歐美亞澳非洲,參加會議、發表論文,7,4,185,215,78,478,生命科學研究,日本千葉,112.05,6,386,荷蘭,112.09,1,34,美國,112.10,1,11
240,114,107　轉譯體學相關國際會議-15,歐美亞澳洲,學術討論與發表論文,7,2,83,60,30,173,南部院區,,,,,,,,,,,,
240,114,108　國際植物分子生物學相關會議-15,歐美亞澳非洲,參加會議、發表論文,7,6,234,271,98,603,生命科學研究,美國聖地牙哥,112.01,1,44,新加坡,112.05,1,19,捷克布拉格,112.06,1,8
240,114,109　植物基因體相關國際會議-15,歐美亞澳洲,學術討論與發表論文,6,2,82,65,30,177,南部院區,,,,,,,,,,,,
240,114,110　藥用植物相關會議-15,歐美亞澳非洲,參加會議、發表論文,7,3,94,119,51,264,生命科學研究,泰國曼谷,112.03,3,46,美國奧蘭多,112.04,1,4,美國休士頓,112.06,1,37
240,114,111　植物學相關國際會議-15,歐美亞澳洲,學術討論與發表論文,6,2,80,70,25,175,南部院區,,,,,,,,,,,,
240,114,112　植物分子生物學相關國際會議-15,歐美亞澳洲,學術討論與發表論文,6,3,100,65,28,193,南部院區,,,,,,,,,,,,
240,114,113　史學及考文研究相關之學術會議-76,歐美亞澳非等地區,出席國際學術會議等,7,7,450,480,70,1000,人文及社會科學研究,,,,,,,,,,,,
240,114,114　數位人文研究計畫-74,歐美亞澳,出席國際學術會議、展覽，進行學術交流,18,5,300,300,1,601,學術研究與人才培育,美國西雅圖,113.03,3,343,,,,,,,,
240,114,115　近代史研究及史料搜集整編-76,歐美亞等地,出席國際學術會議等,5,8,340,375,85,800,人文及社會科學研究,美國,113.03,1,148,日本,113.03,1,142,日本,113.02,1,112
240,114,116　各學門經濟問題專題研討會-85,歐美亞地區,參加會議及發表論文,7,26,981,1266,226,2473,人文及社會科學研究,美國芝加哥,113.03,1,82,日本東京,113.01,3,178,美國德州,113.01,1,142
240,114,117　出席歐美研究相關議題會議-84,歐美地區,出席歐美研究相關議題會議,7,1,55,41,2,98,人文及社會科學研究,,,,,,,,,,,,
240,114,118　出席歐美研究相關議題會議-84,美國,法律推理與憲法解釋,7,1,50,46,2,98,人文及社會科學研究,,,,,,,,,,,,
240,114,119　出席歐美研究相關議題會議-84,義大利,北約與印太區域安全,8,1,55,41,2,98,人文及社會科學研究,,,,,,,,,,,,
240,114,120　文學、哲學及經學研究-73,歐、美及亞洲等國,文哲經等學術及研究相關領域,10,5,188,208,,396,人文及社會科學研究,,,,,,,,,,,,
240,114,121　台灣史研究-76,亞洲地區,參加國際學術會議,10,2,40,63,,103,人文及社會科學研究,新加坡,112.05,1,54,東京,112.10,1,35,名古屋,112.11,1,5
240,114,122　國際社會學會議-80,歐亞美澳非,國際社會學會議,5,3,20,29,,49,人文及社會科學研究,美國,112.09,1,85,美國亞特蘭大,112.10,1,85,日本東京,112.11,1,72
240,114,123　語言學研究-72,歐亞美洲,語言學國際會議,7,10,400,760,100,1260,人文及社會科學研究,法國,113.03,1,75,法國,112.10,1,64,法國,112.07,1,37
240,114,124　應用科學相關研究之國際會議暨研討-16,歐美亞太地區,參加會議及發表論文,5,3,90,50,20,160,數理科學研究,日本,112.09,1,50,日本,112.12,1,50,日本,112.12,1,62
240,114,125　全球氣候變遷研討會-13,歐美亞太地區,參加會議及發表論文,6,4,160,144,,304,數理科學研究,德國,112.07,1,100,日本,112.11,1,49,,,,
240,114,126　國際大氣遙測及空氣品質研討會-13,歐美亞太地區,參加會議及發表論文,6,4,160,144,,304,數理科學研究,德國,112.07,4,400,日本,112.08,1,7,,,,
240,114,127　海洋科學研討會-1A,歐美亞太地區,參加會議及發表論文,6,3,113,108,,221,數理科學研究,法國,112.07,1,79,馬來西亞,112.11,1,38,日本,112.12,1,67
240,114,128　海洋生物多樣性研討會-15,歐美亞澳非,海洋生態保育、海岸研討,5,7,370,280,56,706,生命科學研究,日本,112.09,1,29,韓國,112.10,1,60,日本,112.11,1,40
240,114,129　陸域生物多樣性研討會-15,歐美亞澳非,陸域生態、社會性昆蟲研討,7,10,448,340,60,848,生命科學研究,美國,112.11,1,23,日本,112.12,1,37,新加坡,112.12,1,102
240,114,130　化學生物學相關研究之國際會議暨研討-15,歐美亞澳洲,與基因體相關研究之國際會議,7,8,480,220,200,900,生命科學研究,日本廣島,112.09,1,39,印度邦加羅爾,112.11,1,36,日本京都,112.11,1,21
240,114,131　醫學生物學相關研究之國際會議暨研討-40,歐美亞澳洲,與基因體相關研究之國際會議,7,8,480,220,200,900,生命科學研究,美國夏威夷,112.11,1,113,美國波士頓,112.11,1,96,日本京都,113.03,1,81
240,114,132　物理與資訊基因體學相關研究之國際會議暨研討-15,歐美亞澳洲,與基因體相關研究之國際會議,7,8,480,220,200,900,生命科學研究,美國波士頓,112.09,1,1143,美國波士頓,112.12,1,293,美國新奧爾良,113.03,1,326
240,114,133　人文社會科學研究-91,歐美亞等洲,出席會議並發表論文等,6,20,800,865,120,1785,人文及社會科學研究,美國,112.06,1,65,法國,112.07,1,90,義大利,112.08,1,90
240,114,134　法律學研究-84,歐美亞澳非洲,參加會議及發表論文,6,10,575,460,115,1150,人文及社會科學研究,加拿大,112.10,1,93,美國,112.10,2,180,德國,112.10,1,63
240,114,135　資訊科技創新跨領域研究-3M,歐美亞洲,參加會議及發表論文,7,7,250,232,9,491,數理科學研究,,,,,,,,,,,,
240,114,136　資通安全計畫-3M,歐美亞洲,參加會議及發表論文,6,3,180,196,10,386,數理科學研究,,,,,,,,,,,,
240,114,137　智慧物聯網-3M,歐美亞洲,參加會議及發表論文,8,9,453,350,20,823,數理科學研究,,,,,,,,,,,,
240,114,138　國外學研/生技產業及醫療展會議-41,歐美亞洲,國外學研機構、生技產業機關等考察視察訪問、生技醫療展會等,8,1,180,50,20,250,生命科學研究,,,,,,,,,,,,
240,114,139　跨領域國際會議-16,歐美亞澳洲,學術討論與發表論文,7,2,130,150,28,308,南部院區,,,,,,,,,,,,
301,113,一、定期會議,,,,,,,,,,,,,,,,,,,,,
301,113,01　參加南島民族論壇暨第13屆太平洋藝術節交流會議－(內)-91,美國夏威夷,我國為南島民族論壇創始會員之一，透過參與本次論壇會議，瞭解各會員國推展及保存原住民族文化作法，並發展多邊合作關係之可行性，並藉太平洋藝術節的舉辦，交流各國原住民族文化藝術保存推動成果，作為規劃原住民族文化政策之參考。,7,1,36,75,6,117,施政及法制業務,,,,,,,,,,,,
301,113,02　參加臺日產業合作相關會議－(經)-91,日本,經濟部於101年成立臺日產業合作推動辦公室，由經濟部工業局長擔任辦公室主任，推動臺日產業合作事宜。經濟部(工業局)與日本經濟產業省(通商政策局)每年定期舉辦會議交流，促進臺日企業產業發展長期、多元領域合作。本次出國規劃參與臺日產業合作相關交流會議，與日本重點產業政策推動機關經濟產業省交流，並順訪相關重點產業廠商或組織，以供後續我國推動六大核心戰略產業等重大產業施政或決策參考。,7,1,50,60,10,120,施政及法制業務,,,,,,,,,,,,
301,113,03　參加第30屆世界智慧運輸大會－(交)-91,阿拉伯聯合大公國杜拜,"本次會議為世界智慧運輸大會(ITS)之年度大會，主要邀請全球最 具代表性之交通相關領域的專家學者及公私部門機構專業人士與會 交流，討論議題包含車聯網、雲端運算、大數據、AI人工智慧、區 塊鏈、5G網路等。可了解最新國際自駕車技術應用，並有助於我國高精地圖相關政策規劃。",7,1,51,76,78,205,施政及法制業務,,,,,,,,,,,,
301,113,04　出席經濟合作暨發展組織(OECD)或亞洲稅務行政及研究組織SGATAR等相關國際財政稅務會議－(財)-91,法國或其他亞洲國家,"藉由參加OECD或SGATAR相關會議，瞭解最新國際租稅研究議題，蒐 集亞太地區國家租稅制度之相關資訊；交換稅務行政經驗，拓展租 稅外交。",7,1,48,57,5,110,施政及法制業務,紐西蘭威靈頓,105.11,1,88,日本東京,106.05,1,69,印度孟買,108.11,1,85
301,113,05　參加2024年世界安全會議-水域安全議題－(教)-91,澳洲,"為落實校園水域安全，提升學生游泳與自救能力，參與世界衛生組 織(WHO)主辦之世界安全會議，有助於汲取各國水域安全政策之做 法，與國際水域安全專家建立交流管道，並觀摩當地水域安全措施及相關做法，期使我國水域安全策略與國際接軌。",8,1,53,56,26,135,施政及法制業務,,,,,,,,,,,,
301,113,06　參加聯合國氣候變化綱要公約第29次締約方大會、京都議定書第19次締約方會議暨巴黎協定第6次締約方會議－(能源)-91,捷克,1.掌握巴黎協定之進展、氣候變遷資訊及各國前瞻作法。2.推動我國溫室氣體減量業務與國際接軌。,12,1,134,80,12,226,施政及法制業務,波蘭卡托維茲,107.12,1,118,西班牙馬德里,108.12,1,126,埃及夏姆錫克,111.11,1,178
301,113,07　出席國際人道救援聯合演習及會議－(災防)-91,美國,"參與複合性災害防救聯合演練、境外人道救援、緊急應變機制及各 國人道救援經驗分享研討會。",9,1,70,82,13,165,災害防救及國土安全,,,,,,,,,,,,
301,113,08　參加臺歐盟災防相關會議－(災防)-91,比利時、歐盟會員國,就臺歐災防相關事宜進行交流與合作。,9,1,70,77,8,155,災害防救及國土安全,比利時、義大利,106.10,2,291,英國、比利時,107.10,1,87,荷蘭、比利時、法國,108.11,2,288
301,113,09　參加反恐或關鍵基礎設施安全防護工作會議－(國土)-91,美國或其他亞洲國家,"參加反恐、關鍵基礎設施或國土安全研討會等相關會議，強化多邊 交流與經驗分享，藉以接軌國際防護政策、策略作為及最新情勢， 強化安全防護韌性工作。",7,2,180,100,9,289,災害防救及國土安全,巴布亞紐幾內亞,107.08,2,222,智利聖地牙哥,108.08,3,435,馬來西亞布城,109.02,1,37
301,113,10　參加國土安全合作會議－(國土)-91,歐洲或印太地區國家,"就國際最新關鍵基礎設施法制、能源安全及防範新興威脅等相關議 題，建立合作架構，參加國土安全工作會議，提升與各國合作關係 。",6,2,160,102,9,271,災害防救及國土安全,比利時布魯塞爾,106.10,2,331,比利時布魯塞爾,107.09,2,288,印尼、馬來西亞,108.08,2,146
301,113,11　參加聯合國婦女地位委員會(CSW)舉辦之相關會議或其他國際會議－(性平)-91,美國或亞太、歐洲地區,"1.瞭解國際推動性別平等、婦女權益相關業務。 2.與各國代表互動交流，交換推動性別平等、婦女權益工作之經驗。 3.宣傳我國推動性別平等、婦女權益工作之績效。",10,1,86,114,10,210,性別平等業務,,,,,,,,,,,,
301,113,12　參加經濟暨合作發展組織(OECD)性別預算網絡年度會議及相關性別平等會議－(性平)-91,法國、英國或其他歐洲地區,"出席經濟暨合作發展組織(OECD)性別預算網絡年度會議，及赴英國 參與跨性別變更審查相關會議與進行性別平權交流。",11,3,354,347,30,731,性別平等業務,芬蘭、瑞典、丹麥,107.05,2,303,比利時、法國、奧地利,108.05,2,330,法國、挪威,111.09,3,625
301,113,13　參加國際消費者保護執行網絡(ICPEN)或其他消保政策與業務合作相關會議－(消保)-91,波蘭,1.行政院消保處為我國唯一獲ICPEN同意得出席會議之代表。2.討論ICPEN之消保政策、執法、與研究發展議題。3.開會協商雙邊合作或處理跨境消費爭議。4.本年度共參與2次會議，每次2人8天，共4人次。,8,4,311,160,60,531,消保及食安業務,尚比亞利文斯通,108.06,2,178,哥倫比亞迦太基娜,108.09,2,241,拉脫維亞里加,111.12,3,293
301,113,14　參加國際消費品健康安全組織(ICPHSO)會議或其他產品安全相關會議－(消保)-91,美國,"1.討論消費產品安全發展趨勢與合作項目。 2.交換產品安全法令、政策與檢測技術經驗。",7,1,43,47,16,106,消保及食安業務,美國奧蘭多,105.02,1,138,美國奧蘭多,107.02,1,149,,,,
301,113,15　參加歐美食品安全相關科學研討會－(食安)-91,歐洲(德國、義大利或荷蘭)、美國,參加歐洲或美國食品安全相關科學研討會，瞭解歐洲各國或美國食品安全相關之科學性評估、食品新興加工技術、食品安全相關法規、食品安全品質衛生管控及認驗證制度等，並參與各國專家學者分享有關當前新興食品安全問題的信息及最新的科學創新解決方案，藉由瞭解國外食品安全管理新趨勢及概念，進一步精進強化我國食安管理措施。,9,2,130,157,50,337,消保及食安業務,,,,,,,,,,,,
301,113,16　出席APEC2024年相關隱私權會議－(個資)-85,秘魯,配合APEC貿易暨投資委員會、經濟委員會倡議，參加包含數位經濟指導小組(DESG)暨資料隱私次級小組(DPS)會議、經濟委員會大會(EC)，以及強化經濟及法制架構(SELI)、經商便利度(EoDB)、法制革新(RR)主席之友(FoTC)相關會議。,7,2,250,74,11,335,個資保護委員會籌備業務,,,,,,,,,,,,
301,113,17　出席「全球CBPR論壇工作小組會議」暨相關研討會－(個資)-85,視當年主辦國家而訂(以百慕達暫估),配合全球CBPR論壇等國際法規調和倡議，積極參與相關工作小組會議及推展活動。,8,2,174,162,14,350,個資保護委員會籌備業務,,,,,,,,,,,,
301,114,一、定期會議,,,,,,,,,,,,,,,,,,,,,
301,114,"01　參加「2025年臺美跨境緝毒合作論壇」 - (外)-91",美國華盛頓,臺美跨境緝毒合作論壇已連續3年在臺舉辦，114年度暫定於美國華盛頓舉辦，本會議將建立臺美雙方緝毒機關之良好溝通與情資交換平臺，分享緝毒經驗及檢討過去合作業務成效，以及觀察國際毒品市場、不法販毒集團之犯罪手法及趨勢，提升臺美緝毒合作成果，另將拜會參訪美國聯邦各執法機關，深化臺美緝毒合作及關係。,8,1,66,94,40,200,施政及法制業務,,,,,,,,,,,,
301,114,02　參加澳洲道路安全研討會－(交)-91,澳洲墨爾本,澳洲零死亡願景為創建一個人為錯誤不會導致死亡或重傷的運輸系統，並已規劃10年計畫，藉由參加會議，交流各國道路交通安全政策、改善作法及實務經驗，有助於擬定我國道安政策之參考。,7,1,50,66,46,162,施政及法制業務,,,,,,,,,,,,
301,114,03　出席國際證券管理機關組織(IOSCO)相關會議或亞洲公司治理論壇等國際金融會議－(財)-91,澳洲或其他亞洲國家,藉由參與IOSCO或亞洲公司治理論壇等相關會議，瞭解先進國家發展資本市場經驗及金融創新發展、虛擬資產平台、公司治理等監理政策之國際脈動，有助我國相關政策規劃。,7,1,35,66,9,110,施政及法制業務,印度孟買,108.11,1,85,,,,,,,,
301,114,04　參加聯合國氣候變化綱要公約第30次締約方大會、京都議定書第20次締約方會議暨巴黎協定第7次締約方會議－(能源)-91,巴西,1.掌握巴黎協定之進展、氣候變遷資訊及各國前瞻作法。2.推動我國溫室氣體減量業務與國際接軌。,12,1,320,47,6,373,施政及法制業務,埃及夏姆錫克,111.11,1,178,阿拉伯聯合大公國杜拜,112.12,1,203,,,,
301,114,05　參加2025世界行動通信會議－(教)-91,西班牙巴塞隆納,"英國全球行動通訊系統協會(GSMA)每年於西班牙巴塞隆納舉辦「世界行動通信會議(Mobile World Congress, MWC)」，邀集各國通訊主管機關、電信業者、手機廠商、軟體供應商及無線通訊產業之專家、學者等參與，展示全球最新行動通訊產業之現勢與技術，為通訊領域最具影響力之國際展覽會。參加本展覽可瞭解國際行動通信最新發展趨勢、創新應用，提供我國制訂國家數位發展及通訊網路政策參考。",8,1,100,83,34,217,施政及法制業務,,,,,,,,,,,,
301,114,06　參加關鍵基礎設施安全防護與韌性相關會議－(國土)-91,美國或其他亞太地區,參加關鍵基礎設施、反恐議題等相關會議，強化交流與經驗分享，接軌國際防護政策及方法，強化設施持續營運韌性工作。,7,2,163,115,27,305,災害防救及國土安全,荷蘭海牙,107.02,1,205,土耳其安卡拉,108.05,1,73,美國華府,112.02,1,159
301,114,07　參加國土安全合作會議－(國土)-91,歐洲或印太地區,掌握最新國土安全情勢、關鍵基礎設施新興威脅防範與國土安全應變機制等各國前瞻作法，深化與各國交流互動與合作關係。,7,2,124,104,27,255,災害防救及國土安全,比利時布魯塞爾,107.09,2,288,印尼、馬來西亞,108.08,2,146,德國,112.10,2,645
301,114,08　參加聯合國婦女地位委員會(CSW)舉辦之相關會議或其他國際會議－(性平)-91,美國或亞太、歐洲地區,"1.瞭解國際推動性別平等、婦女權益相關業務。 2.與各國代表互動交流，交換推動性別平等、婦女權益工作之經驗。 3.宣傳我國推動性別平等、婦女權益工作之績效。",10,1,86,127,7,220,性別平等業務,美國(紐約),113.03,1,200,,,,,,,,
301,114,09　參加經濟合作暨發展組織(OECD)性別預算網絡年度會議及相關性別平等會議－(性平)-91,法國、英國或其他歐洲地區,出席經濟合作暨發展組織(OECD)性別預算網絡年度會議，及性別平等相關會議與進行性別平權交流。,6,2,156,114,18,288,性別平等業務,法國、挪威,111.09,3,625,英國,112.06,2,229,法國,113.05,1,114
301,114,10　參加臺歐盟性別人權議題相關會議－(性平)-91,比利時或其他歐洲國家,瞭解歐洲國家如何推動性別平等，並就性別平權議題進行雙邊交流，召開會議(赴比利時參加第6屆臺歐盟人權諮商會議)洽談可行合作事宜。,9,2,355,197,25,577,性別平等業務,芬蘭、瑞典、丹麥,107.05,2,303,比利時、法國、奧地利,108.05,2,330,比利時、德國,112.06,2,403
301,114,11　參加國際消費者保護執行網絡(ICPEN)或其他消保政策與業務合作相關會議－(消保)-91,美國,1.本院消保處為我國獲邀出席ICPEN會議之代表。2.討論ICPEN之消保政策、執法、與研究發展議題。3.開會協商雙邊合作或處理跨境消費爭議。4.本年度共參與2次會議，每次2人8天，共4人。,8,4,220,305,6,531,消保及食安業務,澳洲雪梨,112.05,2,214,波蘭華沙,112.10,2,204,波蘭格但斯克,113.05,2,220
301,114,12　參加國際消費者法會議－(消保)-91,阿根廷,1.瞭解各國消保趨勢與困境議題。2.交換消保法令、政策。3.借鏡消費者教育與實踐。,8,2,134,123,21,278,消保及食安業務,荷蘭阿姆斯特丹,104.06,1,110,巴西阿雷格里港,106.07,1,142,德國漢堡,112.07,1,144
301,114,13　參加歐美食品安全相關科學研討會－(食安)-91,歐洲(德國、義大利或荷蘭)、美國,瞭解歐洲各國或美國食品安全相關之科學性評估、食品新興加工技術、食品安全相關法規、食品安全品質衛生管控及認驗證制度等，並與各國專家學者分享有關當前新興食品安全問題的資訊及最新的科學創新解決方案，藉由瞭解國外食品安全管理新趨勢及概念，進一步精進強化我國食安管理措施。,9,2,130,195,45,370,消保及食安業務,,,,,,,,,,,,
301,114,"14　參加第八屆臺歐盟人權諮商會議 - (人權)-91",比利時或其他歐洲國家,延續每年舉辦1次之臺歐盟人權諮商會議，第八屆由歐方主辦，續就雙方所關注之人權議題進行交流並深化合作。,11,3,370,366,104,840,人權及轉型正義,比利時、法國、奧地利,108.05,2,304,德國、比利時,112.06,3,517,,,,
301,114,15　參加全球CBPR論壇及APEC相關隱私權工作小組會議與研討會－(個資)-85,韓國,"配合全球CBPR論壇及APEC CBPR倡議，參與全球CBPR論壇會議及APEC數位經濟指導小組(DESG)轄下資料隱私次級小組(DPS)會議，深化與其他國家(經濟體)及國際資料隱私專家互動交流。",5,3,60,96,34,190,個資保護委員會籌備業務,,,,,,,,,,,,
301,114,16　參加全球隱私大會(GPA)等國際相關個資保護會議－(個資)-85,視會議主辦國家而訂(以比利時暫估),參加國際間與新興科技、個資監理政策最相關且最權威之「全球隱私大會(GPA)」等國際會議，藉由國際參與交流，建立跨境合作關係，並建構與國際接軌之個資監理政策。,8,3,147,300,165,612,個資保護委員會籌備業務,,,,,,,,,,,,
401,113,一、定期會議,,,,,,,,,,,,,,,,,,,,,
401,113,01　參加國際圖書館組織會議-83,阿拉伯聯合大公國杜拜,2024年國際圖書館協會聯盟(IFLA)年會,10,2,140,210,30,380,一般行政,紐西蘭奧克蘭,109.08,,,希臘雅典,108.08,2,278,馬來西亞吉隆坡,107.08,1,81
401,113,02　參加OECD國會預算官員及獨立財政機關工作小組會議-83,歐美澳或亞太地區,OECD資深預算官員委員會舉辦之第16屆國會預算官員及獨立財政機關工作小組年會及研討會,6,3,315,95,40,450,一般行政,,,,,,,,,,,,
401,114,一、定期會議,,,,,,,,,,,,,,,,,,,,,
401,114,01　參加國際圖書館組織會議-83,歐美、澳或亞太地區,2025年國際圖書館協會聯盟(IFLA)年會,12,2,134,190,56,380,一般行政,荷蘭鹿特丹,112.08,2,321,希臘雅典,108.08,2,278,馬來西亞吉隆坡,107.08,1,81
401,114,02　參加OECD國會預算官員及獨立財政機關工作小組會議-83,歐美、澳或亞太地區,OECD資深預算官員委員會舉辦之第17屆國會預算官員及獨立財政機關工作小組年會及研討會,6,3,260,162,40,462,一般行政,,,,,,,,,,,,
501,113,一、定期會議,,,,,,,,,,,,,,,,,,,,,
501,113,01　派員赴越南出席臺越民事司法互助協定聯繫窗口諮詢會議-84,越南,配合法務部派員出席臺越民事司法互助協定聯繫窗口諮商會議。,5,2,70,50,23,143,一般行政,越南,104.08,2,75,越南,106.08,2,70,越南,111.10,2,91
2001,113,一、定期會議,,,,,,,,,,,,,,,,,,,,,
2001,113,01　出席2024年亞太教育者年會-86,大洋洲澳大利亞伯斯,配合展覽辦理大專校院國際教育交流及招生推廣。,5,2,50,58,10,118,國際及兩岸教育交流,新加坡,107.03,1,44,馬來西亞吉隆坡,108.03,1,49,泰國曼谷,112.03,2,116
2001,113,02　出席亞太大學交流會（UMAP）理事會-86,視實際會議地點而定,參與UMAP理事會各項重大決議及宣傳我國提供之獎學金。,5,1,30,24,5,59,國際及兩岸教育交流,日本東京,106.08,1,59,日本大阪,107.09,1,59,泰國曼谷,108.11,1,52
2001,113,03　出席2024年美洲教育者年會-86,美國紐奧良,配合展覽辦理大專校院國際教育交流及招生推廣。,6,2,163,120,26,309,國際及兩岸教育交流,美國,111.06,3,964,,,,,,,,
2001,113,04　出席2024年歐洲教育者年會-86,歐洲,配合展覽辦理大專校院國際教育交流及招生推廣。,7,2,275,130,37,442,國際及兩岸教育交流,西班牙、波蘭、立陶宛、荷蘭,111.09,3,1273,,,,,,,,
2001,113,05　部次長訪問友邦或參與國際教育會議及活動-86,依活動地點而定,增進邦誼促進我國與該地區教育合作交流。,7,2,190,120,25,335,國際及兩岸教育交流,新加坡,104.11,1,22,日本,105.03,1,11,比利時、荷蘭、英國,108.09,1,254
2001,114,一、定期會議,,,,,,,,,,,,,,,,,,,,,
2001,114,01　出席國際博物館ICOM第27屆大會-86,"亞洲 阿拉伯聯合大公國 杜拜",出席國際博物館ICOM第27屆大會。,11,2,80,220,10,310,終身教育行政及督導,,,,,,,,,,,,
2001,114,02　出席2025年亞太教育者年會-86,印度德里,配合展覽辦理大專校院國際教育交流及招生推廣。,5,1,120,38,10,168,國際及兩岸教育交流,新加坡,107.03,1,44,馬來西亞吉隆坡,108.03,1,49,泰國曼谷,112.03,2,116
2001,114,03　出席2025年美洲教育者年會-86,美國聖地牙哥,配合展覽辦理大專校院國際教育交流及招生推廣。,4,2,213,82,14,309,國際及兩岸教育交流,美國,111.06,3,964,美國,112.05,3,1167,,,,
2001,114,04　出席2025年歐洲教育者年會-86,瑞典哥特堡,配合展覽辦理大專校院國際教育交流及招生推廣。,7,1,253,62,20,335,國際及兩岸教育交流,西班牙、波蘭、立陶宛、荷蘭,111.09,3,1273,英國、波蘭、捷克,112.09,3,753,,,,
2001,114,05　部次長訪問友邦或參與國際教育會議及活動-86,依活動地點而定,增進邦誼促進我國與該地區教育合作交流。,7,2,190,120,25,335,國際及兩岸教育交流,新加坡,104.11,1,22,日本,105.03,1,11,比利時、荷蘭、英國,108.09,1,254
2001,114,06　出席2025年美國外語教學委員會（ACTFL）年會-86,美國紐奧良,參與展覽宣傳臺灣華語教育及產業資源，並增加與該地區教育合作交流。,5,1,55,51,10,116,國際及兩岸教育交流,美國波士頓,111.11,1,130,,,,,,,,
2001,114,二、不定期會議,,,,,,,,,,,,,,,,,,,,,
2001,114,07　ICANN82（網際網路名稱與號碼分配機構第82次會議）-86,美國,強化我國參與「網際網路名稱與號碼分配機構（ICANN）」網際網路國際事務，提升我國網路社群對網際網路公共事務之認知與專業形象，促進網路技術、網路安全及資訊安全等層面之國際交流合作，建構安全、穩定及可信賴之網際網路環境，並培養國際人才實質參與國際網際網路政策制定。,6,1,33,38,1,72,資訊與科技教育行政及督導,,,,,,,,,,,,
