id,time,款,項,目,節,名稱,員額_職員_本年度,員額_職員_上年度,員額_警察_本年度,員額_警察_上年度,員額_技工_本年度,員額_技工_上年度,員額_工友_本年度,員額_工友_上年度,員額_聘用_本年度,員額_聘用_上年度,員額_約僱_本年度,員額_約僱_上年度,員額_法醫_本年度,員額_法醫_上年度,員額_駐警_本年度,員額_駐警_上年度,員額_駕駛_本年度,員額_駕駛_上年度,員額_駐外雇員_本年度,員額_駐外雇員_上年度,員額_委員_本年度,員額_委員_上年度,年需經費_本年度,年需經費_上年度,說明,bn_fiscalyear,bn_agentype,bn_budgetstate,bn_budgetsource
201,105,1,1,,02001,"32020010100 一般行政",389,389,0,0,41,41,65,65,19,19,5,5,0,0,0,0,47,47,0,0,0,0,655483000.00,615843000.00,"&lt;#H1&gt;增列勞工退休準備金等39,640千元。&lt;#H1&gt;本府以業務費支付個人「臨時人員」預算編列4,057千元，係為辦理文稿、勳章管理系統清查、檔案清查、賀卡寄發及翰墨代筆等業務，預估進用8人。&lt;#H1&gt;本府以業務費支付勞力外包之「勞務承攬」預算編列5,282千元，係為辦理本府膳食衛生安全作業、資訊維護、人民陳情、輿情蒐集分析及活動攝影、影帶剪輯、景觀植栽維護等業務，預估進用11人。&lt;#H1&gt;本府以業務費支付勞力外包之「派遣人力」預算編列3,257千元，係為辦理本府建物及其他處所公共環境清潔等業務，預估進用8人。",105,C,2,1
201,106,1,1,,02001,"32020010100 一般行政",389,389,0,0,41,41,63,65,19,19,5,5,0,0,0,0,39,47,0,0,0,0,602599000.00,655483000.00,"&lt;#H1&gt;減列員額10人及撥補勞工退休準備金專戶差額等經費52,884千元。&lt;#H1&gt;本府以業務費支付「臨時人員」預算編列3,763千元：&lt;#H2&gt;為應翰墨代筆等業務需要遴用臨時人員所需經費2,111千元，預估進用3人。&lt;#H2&gt;僱用工讀生協助文稿整理及賀卡寄發等業務所需經費162千元，預估進用1人。&lt;#H2&gt;僱用臨時人員辦理喜慶哀輓系統建檔及檔案清查等業務所需經費1,087千元，預估進用4人。&lt;#H2&gt;遴用臨時人員、工讀生所需機關負擔勞退金及參加勞保、健保保費等403千元。&lt;#H1&gt;本府以業務費支付「勞務承攬」預算編列5,282千元：&lt;#H2&gt;辦理本府膳食衛生安全作業及景觀植栽維護等業務所需經費1,802千元，預估進用4人。&lt;#H2&gt;協助辦理電腦設備整理及電腦教室管理等業務所需經費300千元，預估進用1人。&lt;#H2&gt;協助辦理人民陳情、輿情蒐集分析及活動攝影、影帶剪輯等業務所需經費3,180千元，預估進用6人。&lt;#H1&gt;本府以業務費支付「勞動派遣」預算編列3,257千元，係為辦理本府建物及其他處所公共環境清潔等業務，預估進用8人。",106,C,2,1
201,107,1,1,,02001,"32020010100 一般行政",386,389,0,0,41,41,51,63,19,19,5,5,0,0,0,0,37,39,0,0,0,0,581815000.00,602599000.00,"&lt;#H1&gt;減列員額17人之待遇、考績及年終工作獎金等經費20,784千元。&lt;#H1&gt;本府以業務費支付「臨時人員」預算編列3,440千元：&lt;#H2&gt;為應翰墨代筆等業務需要遴用臨時人員所需經費1,843千元，預估進用3人。&lt;#H2&gt;僱用工讀生協助文書整理及賀卡寄發等業務所需經費162千元，預估進用1人。&lt;#H2&gt;僱用臨時人員辦理印信驗印簿索引系統校對及檔案清查等業務所需經費1,032千元，預估進用4人。&lt;#H2&gt;遴用臨時人員、工讀生所需機關負擔勞退金及參加勞保、健保保費等403千元。&lt;#H1&gt;本府以業務費支付「勞務承攬」預算編列8,224千元：&lt;#H2&gt;辦理本府膳食衛生安全作業、專案活動園藝設計及養護、景觀植栽維護等業務所需經費4,034千元，預估進用9人。&lt;#H2&gt;協助辦理電腦設備整理及電腦教室管理等業務所需經費300千元，預估進用1人。&lt;#H2&gt;協助辦理人民陳情、輿情蒐集分析及活動攝影拍照、影帶剪輯等業務所需經費3,890千元，預估進用7人。&lt;#H1&gt;本府以業務費支付「勞動派遣」預算編列3,592千元，係為辦理本府建物及其他處所公共環境清潔等業務，預估進用9人。",107,C,2,1
201,108,1,1,,02001,"32020010100 一般行政",378,386,0,0,45,41,41,51,28,19,4,5,0,0,0,0,33,37,0,0,0,0,594822000.00,581815000.00,"&lt;#H1&gt;本年度預算員額529人，較上年度減列員額10人。&lt;#H1&gt;本府以業務費支付「臨時人員」預算編列2,110千元：&lt;#H2&gt;為應翰墨代筆等業務需要遴用臨時人員所需經費1,659千元，預計3人。&lt;#H2&gt;僱用臨時人員協助賀卡寄發及文書整理等業務所需經費162千元，預計1人。&lt;#H2&gt;遴用臨時人員所需機關負擔勞退金及勞保、健保保費等289千元。&lt;#H1&gt;本府以業務費支付「勞務承攬」預算編列4,964千元：&lt;#H2&gt;辦理本府景觀植栽維護等業務所需經費1,164千元，預計3人。&lt;#H2&gt;辦理本府部分環境清潔等業務所需經費3,800千元，預計9人。",108,C,2,1
201,109,1,1,,02001,"31020010100 一般行政",378,378,0,0,45,45,41,41,28,28,4,4,0,0,0,0,33,33,0,0,0,0,594822000.00,594822000.00,"&lt;#H1&gt;本府以業務費支付「臨時人員」預算編列1,908千元：&lt;#H2&gt;為應翰墨代筆等業務需要遴用臨時人員所需經費1,659千元，預計3人。&lt;#H2&gt;遴用臨時人員所需機關負擔勞退金及勞保、健保保費等249千元。&lt;#H1&gt;本府以業務費支付「勞務承攬」預算編列4,964千元：&lt;#H2&gt;辦理本府景觀植栽維護等業務所需經費1,164千元，預計3人。&lt;#H2&gt;辦理本府部分環境清潔等業務所需經費3,800千元，預計9人。",109,C,2,1
201,110,1,1,,02001,"31020010100 一般行政",378,378,0,0,45,45,41,41,28,28,4,4,0,0,0,0,33,33,0,0,0,0,597131000.00,594822000.00,"&lt;#H1&gt;增列退休離職儲金2,309千元。&lt;#H1&gt;本府以業務費支付「臨時人員」預算編列1,330千元：&lt;#H2&gt;為應翰墨代筆等業務需要遴用臨時人員所需經費1,171千元，預計2人。&lt;#H2&gt;遴用臨時人員所需機關負擔勞退金及勞保、健保保費等159千元。&lt;#H1&gt;本府以業務費支付「勞務承攬」預算編列5,352千元：&lt;#H2&gt;辦理本府景觀植栽維護等業務所需經費1,552千元，預計3人。&lt;#H2&gt;辦理本府部分環境清潔等業務所需經費3,800千元，預計9人。",110,C,2,1
201,111,1,1,,02001,"31020010100 一般行政",376,378,0,0,45,45,39,41,32,28,4,4,0,0,0,0,33,33,0,0,0,0,599440000.00,597131000.00,"&lt;#H1&gt;增列退休離職儲金2,309千元。&lt;#H1&gt;本府以業務費支付「臨時人員」預算編列1,330千元：&lt;#H2&gt;為應翰墨代筆等業務需要遴用臨時人員所需經費1,171千元，預計2人。&lt;#H2&gt;遴用臨時人員所需機關負擔勞退金及勞保、健保保費等159千元。&lt;#H1&gt;本府以業務費支付「勞務承攬」預算編列5,352千元：&lt;#H2&gt;辦理本府景觀植栽維護等業務所需經費1,552千元，預計3人。&lt;#H2&gt;辦理本府府區路面及部分公共區域環境清潔維護等業務所需經費3,800千元，預計9人。",111,C,2,1
201,112,1,1,,02001,"31020010100 一般行政",376,376,0,0,45,45,39,39,32,32,4,4,0,0,0,0,33,33,0,0,0,0,624444000.00,599440000.00,"&lt;#H1&gt;伸算增列調整待遇等經費25,004千元。&lt;#H1&gt;本府以業務費支付「臨時人員」預算編列1,330千元：&lt;#H2&gt;為應翰墨代筆等業務需要遴用臨時人員所需經費1,171千元，預計2人。&lt;#H2&gt;遴用臨時人員所需機關負擔勞退金及勞保、健保保費等159千元。&lt;#H1&gt;本府以業務費支付「勞務承攬」預算編列6,024千元：&lt;#H2&gt;辦理本府景觀植栽維護等業務所需經費1,552千元，預計3人。&lt;#H2&gt;辦理本府府區路面及部分公共區域環境清潔維護等業務所需經費4,472千元，預計9人。",112,C,2,1
201,113,1,,,,"0002000000   總統府主管",,,,,,,,,,,,,,,,,,,,,,,,,,
201,113,,1,,,"0002010000   總統府",376,376,,,,,,,39,39,45,45,33,33,32,32,4,4,,,529,529,624444,624444,,
201,113,,,1,,"3102010100   一般行政",376,376,,,,,,,39,39,45,45,33,33,32,32,4,4,,,529,529,624444,624444,,"1.本府以業務費支付「臨時人員」預算編列1,630千元：
  (1)為應翰墨代筆等業務需要遴用臨時人員所需經費1,471千元，預計2人。
  (2)遴用臨時人員所需機關負擔勞退金及勞保、健保保費等159千元。
2.本府以業務費支付「勞務承攬」預算編列6,224千元：
  (1)辦理本府景觀植栽維護等業務所需經費1,552千元，預計3人。
  (2)辦理本府府區路面及部分公共區域環境清潔維護等業務所需經費4,672千元，預計9人。"
201,105,1,1,,02001,"32020010100 一般行政",389,389,0,0,41,41,65,65,19,19,5,5,0,0,0,0,47,47,0,0,0,0,656799000.00,615843000.00,"&lt;#H1&gt;增列勞工退休準備金等40,956千元。&lt;#H1&gt;本府以業務費支付個人「臨時人員」預算編列4,057千元，係為辦理文稿、勳章管理系統清查、檔案清查、賀卡寄發及翰墨代筆等業務，預估進用8人。&lt;#H1&gt;本府以業務費支付勞力外包之「勞務承攬」預算編列5,282千元，係為辦理本府膳食衛生安全作業、資訊維護、人民陳情、輿情蒐集分析及活動攝影、影帶剪輯、景觀植栽維護等業務，預估進用11人。&lt;#H1&gt;本府以業務費支付勞力外包之「派遣人力」預算編列3,257千元，係為辦理本府建物及其他處所公共環境清潔等業務，預估進用8人。",105,C,1,1
201,106,1,1,,02001,"32020010100 一般行政",389,389,0,0,41,41,63,65,19,19,5,5,0,0,0,0,39,47,0,0,0,0,602599000.00,655483000.00,"&lt;#H1&gt;減列員額10人及撥補勞工退休準備金專戶差額等經費52,884千元。&lt;#H1&gt;本府以業務費支付「臨時人員」預算編列3,763千元：&lt;#H2&gt;為應翰墨代筆等業務需要遴用臨時人員所需經費2,111千元，預估進用3人。&lt;#H2&gt;僱用工讀生協助文稿整理及賀卡寄發等業務所需經費162千元，預估進用1人。&lt;#H2&gt;僱用臨時人員辦理喜慶哀輓系統建檔及檔案清查等業務所需經費1,087千元，預估進用4人。&lt;#H2&gt;遴用臨時人員、工讀生所需機關負擔勞退金及參加勞保、健保保費等403千元。&lt;#H1&gt;本府以業務費支付「勞務承攬」預算編列5,282千元：&lt;#H2&gt;辦理本府膳食衛生安全作業及景觀植栽維護等業務所需經費1,802千元，預估進用4人。&lt;#H2&gt;協助辦理電腦設備整理及電腦教室管理等業務所需經費300千元，預估進用1人。&lt;#H2&gt;協助辦理人民陳情、輿情蒐集分析及活動攝影、影帶剪輯等業務所需經費3,180千元，預估進用6人。&lt;#H1&gt;本府以業務費支付「勞動派遣」預算編列3,257千元，係為辦理本府建物及其他處所公共環境清潔等業務，預估進用8人。",106,C,1,1
201,107,1,1,,02001,"32020010100 一般行政",386,389,0,0,41,41,51,63,19,19,5,5,0,0,0,0,37,39,0,0,0,0,581815000.00,602599000.00,"&lt;#H1&gt;減列員額17人之待遇、考績及年終工作獎金等經費20,784千元。&lt;#H1&gt;本府以業務費支付「臨時人員」預算編列3,440千元：&lt;#H2&gt;為應翰墨代筆等業務需要遴用臨時人員所需經費1,843千元，預估進用3人。&lt;#H2&gt;僱用工讀生協助文書整理及賀卡寄發等業務所需經費162千元，預估進用1人。&lt;#H2&gt;僱用臨時人員辦理印信驗印簿索引系統校對及檔案清查等業務所需經費1,032千元，預估進用4人。&lt;#H2&gt;遴用臨時人員、工讀生所需機關負擔勞退金及參加勞保、健保保費等403千元。&lt;#H1&gt;本府以業務費支付「勞務承攬」預算編列8,224千元：&lt;#H2&gt;辦理本府膳食衛生安全作業、專案活動園藝設計及養護、景觀植栽維護等業務所需經費4,034千元，預估進用9人。&lt;#H2&gt;協助辦理電腦設備整理及電腦教室管理等業務所需經費300千元，預估進用1人。&lt;#H2&gt;協助辦理人民陳情、輿情蒐集分析及活動攝影拍照、影帶剪輯等業務所需經費3,890千元，預估進用7人。&lt;#H1&gt;本府以業務費支付「勞動派遣」預算編列3,592千元，係為辦理本府建物及其他處所公共環境清潔等業務，預估進用9人。",107,C,1,1
201,108,1,1,,02001,"32020010100 一般行政",378,386,0,0,45,41,41,51,28,19,4,5,0,0,0,0,33,37,0,0,0,0,594822000.00,581815000.00,"&lt;#H1&gt;本年度預算員額529人，較上年度減列員額10人。&lt;#H1&gt;本府以業務費支付「臨時人員」預算編列2,110千元：&lt;#H2&gt;為應翰墨代筆等業務需要遴用臨時人員所需經費1,659千元，預計3人。&lt;#H2&gt;僱用臨時人員協助賀卡寄發及文書整理等業務所需經費162千元，預計1人。&lt;#H2&gt;遴用臨時人員所需機關負擔勞退金及勞保、健保保費等289千元。&lt;#H1&gt;本府以業務費支付「勞務承攬」預算編列4,964千元：&lt;#H2&gt;辦理本府景觀植栽維護等業務所需經費1,164千元，預計3人。&lt;#H2&gt;辦理本府部分環境清潔等業務所需經費3,800千元，預計9人。",108,C,1,1
201,109,1,1,,02001,"31020010100 一般行政",378,378,0,0,45,45,41,41,28,28,4,4,0,0,0,0,33,33,0,0,0,0,594822000.00,594822000.00,"&lt;#H1&gt;本府以業務費支付「臨時人員」預算編列1,908千元：&lt;#H2&gt;為應翰墨代筆等業務需要遴用臨時人員所需經費1,659千元，預計3人。&lt;#H2&gt;遴用臨時人員所需機關負擔勞退金及勞保、健保保費等249千元。&lt;#H1&gt;本府以業務費支付「勞務承攬」預算編列4,964千元：&lt;#H2&gt;辦理本府景觀植栽維護等業務所需經費1,164千元，預計3人。&lt;#H2&gt;辦理本府部分環境清潔等業務所需經費3,800千元，預計9人。",109,C,1,1
201,110,1,1,,02001,"31020010100 一般行政",378,378,0,0,45,45,41,41,28,28,4,4,0,0,0,0,33,33,0,0,0,0,597131000.00,594822000.00,"&lt;#H1&gt;增列退休離職儲金2,309千元。&lt;#H1&gt;本府以業務費支付「臨時人員」預算編列1,330千元：&lt;#H2&gt;為應翰墨代筆等業務需要遴用臨時人員所需經費1,171千元，預計2人。&lt;#H2&gt;遴用臨時人員所需機關負擔勞退金及勞保、健保保費等159千元。&lt;#H1&gt;本府以業務費支付「勞務承攬」預算編列5,352千元：&lt;#H2&gt;辦理本府景觀植栽維護等業務所需經費1,552千元，預計3人。&lt;#H2&gt;辦理本府部分環境清潔等業務所需經費3,800千元，預計9人。",110,C,1,1
201,111,1,1,,02001,"31020010100 一般行政",376,378,0,0,45,45,39,41,32,28,4,4,0,0,0,0,33,33,0,0,0,0,599440000.00,597131000.00,"&lt;#H1&gt;增列退休離職儲金2,309千元。&lt;#H1&gt;本府以業務費支付「臨時人員」預算編列1,330千元：&lt;#H2&gt;為應翰墨代筆等業務需要遴用臨時人員所需經費1,171千元，預計2人。&lt;#H2&gt;遴用臨時人員所需機關負擔勞退金及勞保、健保保費等159千元。&lt;#H1&gt;本府以業務費支付「勞務承攬」預算編列5,352千元：&lt;#H2&gt;辦理本府景觀植栽維護等業務所需經費1,552千元，預計3人。&lt;#H2&gt;辦理本府府區路面及部分公共區域環境清潔維護等業務所需經費3,800千元，預計9人。",111,C,1,1
201,112,1,1,,02001,"31020010100 一般行政",376,376,0,0,45,45,39,39,32,32,4,4,0,0,0,0,33,33,0,0,0,0,624444000.00,599440000.00,"&lt;#H1&gt;伸算增列調整待遇等經費25,004千元。&lt;#H1&gt;本府以業務費支付「臨時人員」預算編列1,330千元：&lt;#H2&gt;為應翰墨代筆等業務需要遴用臨時人員所需經費1,171千元，預計2人。&lt;#H2&gt;遴用臨時人員所需機關負擔勞退金及勞保、健保保費等159千元。&lt;#H1&gt;本府以業務費支付「勞務承攬」預算編列6,024千元：&lt;#H2&gt;辦理本府景觀植栽維護等業務所需經費1,552千元，預計3人。&lt;#H2&gt;辦理本府府區路面及部分公共區域環境清潔維護等業務所需經費4,472千元，預計9人。",112,C,1,1
201,113,1,1,,02001,"31020010100 一般行政",376,376,0,0,45,45,39,39,32,32,4,4,0,0,0,0,33,33,0,0,0,0,624444000.00,624444000.00,"&lt;#H1&gt;本府以業務費支付「臨時人員」預算編列1,630千元：&lt;#H2&gt;為應翰墨代筆等業務需要遴用臨時人員所需經費1,471千元，預計2人。&lt;#H2&gt;遴用臨時人員所需機關負擔勞退金及勞保、健保保費等159千元。&lt;#H1&gt;本府以業務費支付「勞務承攬」預算編列6,224千元：&lt;#H2&gt;辦理本府景觀植栽維護等業務所需經費1,552千元，預計3人。&lt;#H2&gt;辦理本府府區路面及部分公共區域環境清潔維護等業務所需經費4,672千元，預計9人。",113,C,1,1
201,114,1,,,,"0002000000   總統府主管",,,,,,,,,,,,,,,,,,,,,,,,,,
201,114,,1,,,"0002010000   總統府",376,376,,,,,,,37,39,45,45,33,33,32,32,4,4,,,527,529,654396,624444,29952,
201,114,,,1,,"3102010100   一般行政",376,376,,,,,,,37,39,45,45,33,33,32,32,4,4,,,527,529,654396,624444,29952,"1.本府以業務費支付「約用人員」預算編列1,630千元：
  (1)為應翰墨代筆等業務需要遴用約用人員所需經費1,471千元，預計2人。
  (2)遴用約用人員所需機關負擔勞退金及勞保、健保保費等159千元。
2.本府以業務費支付「勞務承攬」預算編列6,922千元：
  (1)辦理本府庭園景觀植栽維護保養等業務所需經費1,552千元，預計3人。
  (2)辦理本府府區路面及部分公共區域環境清潔維護等業務所需經費5,370千元，預計9人。"
240,105,1,1,,02040,"52020400100 一般行政",130,124,0,0,11,11,5,5,14,14,0,0,0,0,15,16,4,4,0,0,0,0,187347000.00,194992000.00,"&lt;#H1&gt;行政人員130人、駐警15人、技工11人、駕駛4人、工友5人、聘用人員14人，共計179人。

&lt;#H1&gt;另於業務費編列協助文書處理及資訊處理作業，預計臨時人員114人編列金額61,257千元、勞務承攬人員38人編列金額9,961千元，共計152人金額71,218千元。


",105,C,2,1
240,105,1,1,,02040,"52020401020 學術審議及研究獎助",1278,1274,0,0,24,24,22,22,29,29,10,10,0,0,0,0,0,0,0,0,0,0,2452976000.00,2460192000.00,"&lt;#H1&gt;行政人員191人、研究人員1,087人、技工24人、工友22人、聘用人員29人、約僱人員10人，共計1,363人。

&lt;#H1&gt;另於業務費編列協助文書處理及資訊處理作業，預計臨時人員507人編列金額262,806千元、勞務承攬人員108人編列金額16,464千元，共計615人金額279,270千元；協助研究人員執行各項研究計畫，預計臨時人員3,671人編列金額1,973,050千元、勞務承攬人員1,084人編列金額65,510千元，共計4,755人金額2,038,560千元。

&lt;#H1&gt;依據行政院103年2月25日院授人組字第1030024177號函，同意核增105年度職員預算員額10人。
",105,C,2,1
240,106,1,1,,02040,"52020400100 一般行政",130,130,0,0,13,11,5,5,14,14,0,0,0,0,14,15,3,4,0,0,0,0,186894000.00,187347000.00,"&lt;#H1&gt;行政人員130人、駐警14人、技工13人、駕駛3人、工友5人、聘用人員14人，共計179人。

&lt;#H1&gt;另於業務費編列協助文書處理及資訊處理作業，預計臨時人員112人編列金額59,606千元、勞務承攬人員26人編列金額8,739千元，共計138人金額68,345千元。


",106,C,2,1
240,106,1,1,,02040,"52020401020 學術審議及研究獎助",1288,1278,0,0,22,24,22,22,29,29,10,10,0,0,0,0,0,0,0,0,0,0,2385608000.00,2452976000.00,"&lt;#H1&gt;行政人員191人、研究人員1,097人、技工22人、工友22人、聘用人員29人、約僱人員10人，共計1,371人。

&lt;#H1&gt;另於業務費編列協助文書處理及資訊處理作業，預計臨時人員505人編列金額263,751千元、勞務承攬人員114人編列金額17,174千元，共計619人金額280,925千元；協助研究人員執行各項研究計畫，預計臨時人員3,568人編列金額1,977,503千元、勞務承攬人員1,041人編列金額58,325千元，共計4,609人金額2,035,828千元。

&lt;#H1&gt;依據行政院103年2月25日院授人組字第1030024177號函，同意核增106年度職員預算員額10人。
",106,C,2,1
240,107,1,1,,02040,"52020400100 一般行政",130,130,0,0,9,13,6,5,14,14,0,0,0,0,14,14,3,3,0,0,0,0,185794000.00,186894000.00,"&lt;#H1&gt;行政人員130人、駐警14人、技工9人、駕駛3人、工友6人、聘用人員14人，共計176人。

&lt;#H1&gt;另於業務費編列協助文書處理及資訊處理作業，預計臨時人員43人編列金額26,983千元、勞務承攬人員18人編列金額6,058千元，共計61人金額33,041千元。


",107,C,2,1
240,107,1,1,,02040,"52020401020 學術審議及研究獎助",1288,1288,0,0,22,22,20,22,29,29,10,10,0,0,0,0,0,0,0,0,0,0,2295998000.00,2385608000.00,"&lt;#H1&gt;行政人員191人、研究人員1,097人、技工22人、工友20人、聘用人員29人、約僱人員10人，共計1,369人。

&lt;#H1&gt;另於業務費編列協助文書處理及資訊處理作業，預計臨時人員575人編列金額309,005千元、勞務承攬人員109人編列金額17,552千元，共計684人金額326,557千元；協助研究人員執行各項研究計畫，預計臨時人員3,588人編列金額2,022,275千元、勞務承攬人員1,062人編列金額50,385千元，共計4,650人金額2,072,660千元。
",107,C,2,1
240,108,1,1,,02040,"52020400100 一般行政",140,130,0,0,9,9,4,6,12,14,0,0,0,0,14,14,3,3,0,0,0,0,196011000.00,185794000.00,"&lt;#H1&gt;行政人員140人、駐警14人、工友4人、技工9人、駕駛3人、聘用人員12人，共計182人。

&lt;#H1&gt;另於業務費編列協助文書處理及資訊處理作業，預計臨時人員43人編列金額27,380千元、勞務承攬人員18人編列金額6,058千元，共計61人金額33,438千元。


",108,C,2,1
240,108,1,1,,02040,"52020401020 學術審議及研究獎助",1278,1288,0,0,21,22,16,20,31,29,10,10,0,0,0,0,0,0,0,0,0,0,2405163000.00,2295998000.00,"&lt;#H1&gt;行政人員181人、研究人員1,097人、工友16人、技工21人、聘用人員31人、約僱人員10人，共計1,356人。

&lt;#H1&gt;另於業務費編列協助文書處理及資訊處理作業，預計臨時人員571人編列金額342,765千元、勞務承攬人員114人編列金額13,986千元，共計685人金額356,751千元；協助研究人員執行各項研究計畫，預計臨時人員3,409人編列金額2,321,256千元、勞務承攬人員1,132人編列金額53,850千元，共計4,541人金額2,375,106千元。",108,C,2,1
240,109,1,1,,02040,"52020400100 一般行政",142,140,0,0,8,9,4,4,12,12,0,0,0,0,13,14,3,3,0,0,0,0,195674000.00,196011000.00,"&lt;#H1&gt;行政人員142人、駐警13人、工友4人、技工8人、駕駛3人、聘用人員12人，共計182人。

&lt;#H1&gt;另於業務費編列協助文書處理及資訊處理作業，預計臨時人員42人編列金額28,277千元、勞務承攬人員18人編列金額6,058千元，共計60人金額34,335千元。


",109,C,2,1
240,109,1,1,,02040,"52020401020 學術審議及研究獎助",1186,1278,0,0,18,21,15,16,31,31,10,10,0,0,0,0,0,0,0,0,0,0,2431966000.00,2405163000.00,"&lt;#H1&gt;行政人員179人、研究人員1,007人、工友15人、技工18人、聘用人員31人、約僱人員10人，共計1,260人。

&lt;#H1&gt;另於業務費編列協助文書處理及資訊處理作業，預計臨時人員557人編列金額344,707千元、勞務承攬人員116人編列金額14,278千元，共計673人金額358,985千元；協助研究人員執行各項研究計畫，預計臨時人員3,330人編列金額2,411,022千元、勞務承攬人員520人編列金額56,041千元，共計3,850人金額2,467,063千元。",109,C,2,1
240,110,1,1,,02040,"52020400100 一般行政",145,142,0,0,8,8,2,4,12,12,0,0,0,0,12,13,3,3,0,0,0,0,198753000.00,195674000.00,"&lt;#H1&gt;行政人員145人、駐警12人、工友2人、技工8人、駕駛3人、聘用人員12人，共計182人。

&lt;#H1&gt;另於業務費編列協助文書處理及資訊處理作業，預計臨時人員42人編列金額24,983千元、勞務承攬人員18人編列金額4,989千元，共計60人金額29,972千元。


",110,C,2,1
240,110,1,1,,02040,"52020401000 一般學術研究及評議",1183,1186,0,0,15,18,12,15,31,31,10,10,0,0,0,0,0,0,0,0,0,0,2445289000.00,2431966000.00,"&lt;#H1&gt;行政人員176人、研究人員1,007人、工友12人、技工15人、聘用人員31人、約僱人員10人，共計1,251人。

&lt;#H1&gt;另於業務費編列協助文書處理及資訊處理作業，預計臨時人員681人編列金額417,941千元、勞務承攬人員107人編列金額14,760千元，共計788人金額432,701千元；協助研究人員執行各項研究計畫，預計臨時人員3,236人編列金額2,223,881千元、勞務承攬人員451人編列金額45,096千元，共計3,687人金額2,268,977千元。",110,C,2,1
240,111,1,1,,02040,"52020400100 一般行政",147,145,0,0,10,8,3,2,12,12,0,0,0,0,12,12,3,3,0,0,0,0,200640000.00,198753000.00,"&lt;#H1&gt;行政人員147人、駐警12人、工友3人、技工10人、駕駛3人、聘用人員12人，共計187人。

&lt;#H1&gt;另於業務費編列協助文書處理及資訊處理作業，預計臨時人員42人編列金額25,157千元、勞務承攬人員18人編列金額4,989千元，共計60人金額30,146千元。


",111,C,2,1
240,111,1,1,,02040,"52020401010 人力資源",1191,1183,0,0,12,15,10,12,31,31,0,10,0,0,0,0,0,0,0,0,0,0,2487671000.00,2445289000.00,"&lt;#H1&gt;行政人員176人、研究人員1,015人、工友10人、技工12人、聘用人員31人，共計1,244人。

&lt;#H1&gt;另於業務費編列協助文書處理及資訊處理作業，預計臨時人員667人編列金額454,014千元、勞務承攬人員101人編列金額14,546千元，共計768人金額468,560千元；協助研究人員執行各項研究計畫，預計臨時人員3,107人編列金額2,222,119千元、勞務承攬人員462人編列金額51,235千元，共計3,569人金額2,273,354千元。",111,C,2,1
240,112,1,1,,02040,"52020400100 一般行政",148,147,0,0,9,10,1,3,12,12,0,0,0,0,11,12,3,3,0,0,0,0,210080000.00,200640000.00,"&lt;#H1&gt;行政人員148人、駐警11人、工友1人、技工9人、駕駛3人、聘用人員12人，共計184人。

&lt;#H1&gt;另於業務費編列協助文書處理及資訊處理作業，預計臨時人員43人編列金額31,504千元、勞務承攬人員2人編列金額96千元，共計45人金額31,600千元。


",112,C,2,1
240,112,1,1,,02040,"52020401010 人力資源",1193,1191,0,0,10,12,10,10,31,31,0,0,0,0,0,0,0,0,0,0,0,0,2568641000.00,2487671000.00,"&lt;#H1&gt;行政人員178人、研究人員1,015人、工友10人、技工10人、聘用人員31人，共計1,244人。

&lt;#H1&gt;另於業務費編列協助文書處理及資訊處理作業，預計臨時人員670人編列金額492,170千元、勞務承攬人員99人編列金額12,141千元，共計769人金額504,311千元；協助研究人員執行各項研究計畫，預計臨時人員3,032人編列金額2,249,500千元、勞務承攬人員454人編列金額48,638千元，共計3,486人金額2,298,138千元； 協助執行媒體政策及業務宣導服務費240千元。",112,C,2,1
240,113,1,,,,"0002000000   總統府主管",,,,,,,,,,,,,,,,,,,,,,,,,,
240,113,,5,,,"0002400000   中央研究院",1341,1341,,,,,8,11,11,11,18,19,3,3,43,43,,,,,1424,1428,2774301,2778721,-4420,
240,113,,,1,,"5202400100   一般行政",147,148,,,,,8,11,1,1,8,9,3,3,11,12,,,,,178,184,213025,210080,2945,"1.行政人員147人、駐警8人、工友1人、技工8人、駕駛3人、聘用人員11人，共計178人。
2.另於業務費編列協助文書處理及資訊處理作業，預計臨時人員43人編列金額32,937千元。"
240,113,,,2,,"5202401000   一般學術研究及評議",1194,1193,,,,,,,10,10,10,10,,,32,31,,,,,1246,1244,2561276,2568641,-7365,
240,113,,,,1,"5202401010   人力資源",1194,1193,,,,,,,10,10,10,10,,,32,31,,,,,1246,1244,2561276,2568641,-7365,"1.行政人員179人、研究人員1,015人、工友10人、技工10人、聘用人員32人，共計1,246人。
2.另於業務費編列協助文書處理及資訊處理作業，預計臨時人員678人編列金額524,371千元、勞務承攬人員113人編列金額13,790千元，共計791人金額538,161千元；協助研究人員執行各項研究計畫，預計臨時人員3,007人編列金額2,311,559千元、勞務承攬人員463人編列金額51,871千元，共計3,470人金額2,363,430千元。"
240,105,1,1,,02040,"52020400100 一般行政",130,124,0,0,11,11,5,5,14,14,0,0,0,0,15,16,4,4,0,0,0,0,187875000.00,194992000.00,"&lt;#H1&gt;行政人員130人、駐警15人、技工11人、駕駛4人、工友5人、聘用人員14人，共計179人。

&lt;#H1&gt;另於業務費編列協助文書處理及資訊處理作業，預計臨時人員114人編列金額61,257千元、勞務承攬人員38人編列金額9,961千元，共計152人金額71,218千元。


",105,C,1,1
240,105,1,1,,02040,"52020401020 學術審議及研究獎助",1278,1274,0,0,24,24,22,22,29,29,10,10,0,0,0,0,0,0,0,0,0,0,2457489000.00,2460192000.00,"&lt;#H1&gt;行政人員191人、研究人員1,087人、技工24人、工友22人、聘用人員29人、約僱人員10人，共計1,363人。

&lt;#H1&gt;另於業務費編列協助文書處理及資訊處理作業，預計臨時人員507人編列金額262,806千元、勞務承攬人員108人編列金額16,464千元，共計615人金額279,270千元；協助研究人員執行各項研究計畫，預計臨時人員3,671人編列金額1,973,050千元、勞務承攬人員1,084人編列金額65,510千元，共計4,755人金額2,038,560千元。

&lt;#H1&gt;依據行政院103年2月25日院授人組字第1030024177號函，同意核增105年度職員預算員額10人。
",105,C,1,1
240,106,1,1,,02040,"52020400100 一般行政",130,130,0,0,13,11,5,5,14,14,0,0,0,0,14,15,3,4,0,0,0,0,186894000.00,187347000.00,"&lt;#H1&gt;行政人員130人、駐警14人、技工13人、駕駛3人、工友5人、聘用人員14人，共計179人。

&lt;#H1&gt;另於業務費編列協助文書處理及資訊處理作業，預計臨時人員112人編列金額59,606千元、勞務承攬人員26人編列金額8,739千元，共計138人金額68,345千元。


",106,C,2,1
240,106,1,1,,02040,"52020401020 學術審議及研究獎助",1288,1278,0,0,22,24,22,22,29,29,10,10,0,0,0,0,0,0,0,0,0,0,2385608000.00,2452976000.00,"&lt;#H1&gt;行政人員191人、研究人員1,097人、技工22人、工友22人、聘用人員29人、約僱人員10人，共計1,371人。

&lt;#H1&gt;另於業務費編列協助文書處理及資訊處理作業，預計臨時人員505人編列金額263,751千元、勞務承攬人員114人編列金額17,174千元，共計619人金額280,925千元；協助研究人員執行各項研究計畫，預計臨時人員3,568人編列金額1,977,503千元、勞務承攬人員1,041人編列金額58,325千元，共計4,609人金額2,035,828千元。

&lt;#H1&gt;依據行政院103年2月25日院授人組字第1030024177號函，同意核增106年度職員預算員額10人。
",106,C,2,1
240,107,1,1,,02040,"52020400100 一般行政",130,130,0,0,9,13,6,5,14,14,0,0,0,0,14,14,3,3,0,0,0,0,185794000.00,186894000.00,"&lt;#H1&gt;行政人員130人、駐警14人、技工9人、駕駛3人、工友6人、聘用人員14人，共計176人。

&lt;#H1&gt;另於業務費編列協助文書處理及資訊處理作業，預計臨時人員43人編列金額26,983千元、勞務承攬人員18人編列金額6,058千元，共計61人金額33,041千元。


",107,C,1,1
240,107,1,1,,02040,"52020401020 學術審議及研究獎助",1288,1288,0,0,22,22,20,22,29,29,10,10,0,0,0,0,0,0,0,0,0,0,2295998000.00,2385608000.00,"&lt;#H1&gt;行政人員191人、研究人員1,097人、技工22人、工友20人、聘用人員29人、約僱人員10人，共計1,369人。

&lt;#H1&gt;另於業務費編列協助文書處理及資訊處理作業，預計臨時人員575人編列金額309,005千元、勞務承攬人員109人編列金額17,552千元，共計684人金額326,557千元；協助研究人員執行各項研究計畫，預計臨時人員3,588人編列金額2,022,275千元、勞務承攬人員1,062人編列金額50,385千元，共計4,650人金額2,072,660千元。
",107,C,1,1
240,108,1,1,,02040,"52020400100 一般行政",140,130,0,0,9,9,4,6,12,14,0,0,0,0,14,14,3,3,0,0,0,0,196011000.00,185794000.00,"&lt;#H1&gt;行政人員140人、駐警14人、工友4人、技工9人、駕駛3人、聘用人員12人，共計182人。

&lt;#H1&gt;另於業務費編列協助文書處理及資訊處理作業，預計臨時人員43人編列金額27,380千元、勞務承攬人員18人編列金額6,058千元，共計61人金額33,438千元。


",108,C,1,1
240,108,1,1,,02040,"52020401020 學術審議及研究獎助",1278,1288,0,0,21,22,16,20,31,29,10,10,0,0,0,0,0,0,0,0,0,0,2405163000.00,2295998000.00,"&lt;#H1&gt;行政人員181人、研究人員1,097人、工友16人、技工21人、聘用人員31人、約僱人員10人，共計1,356人。

&lt;#H1&gt;另於業務費編列協助文書處理及資訊處理作業，預計臨時人員571人編列金額342,765千元、勞務承攬人員114人編列金額13,986千元，共計685人金額356,751千元；協助研究人員執行各項研究計畫，預計臨時人員3,409人編列金額2,321,256千元、勞務承攬人員1,132人編列金額53,850千元，共計4,541人金額2,375,106千元。",108,C,1,1
240,109,1,1,,02040,"52020400100 一般行政",142,140,0,0,8,9,4,4,12,12,0,0,0,0,13,14,3,3,0,0,0,0,195674000.00,196011000.00,"&lt;#H1&gt;行政人員142人、駐警13人、工友4人、技工8人、駕駛3人、聘用人員12人，共計182人。

&lt;#H1&gt;另於業務費編列協助文書處理及資訊處理作業，預計臨時人員42人編列金額28,277千元、勞務承攬人員18人編列金額6,058千元，共計60人金額34,335千元。


",109,C,1,1
240,109,1,1,,02040,"52020401020 學術審議及研究獎助",1186,1278,0,0,18,21,15,16,31,31,10,10,0,0,0,0,0,0,0,0,0,0,2431966000.00,2405163000.00,"&lt;#H1&gt;行政人員179人、研究人員1,007人、工友15人、技工18人、聘用人員31人、約僱人員10人，共計1,260人。

&lt;#H1&gt;另於業務費編列協助文書處理及資訊處理作業，預計臨時人員557人編列金額344,707千元、勞務承攬人員116人編列金額14,278千元，共計673人金額358,985千元；協助研究人員執行各項研究計畫，預計臨時人員3,330人編列金額2,411,022千元、勞務承攬人員520人編列金額56,041千元，共計3,850人金額2,467,063千元。",109,C,1,1
240,110,1,1,,02040,"52020400100 一般行政",145,142,0,0,8,8,2,4,12,12,0,0,0,0,12,13,3,3,0,0,0,0,198753000.00,195674000.00,"&lt;#H1&gt;行政人員145人、駐警12人、工友2人、技工8人、駕駛3人、聘用人員12人，共計182人。

&lt;#H1&gt;另於業務費編列協助文書處理及資訊處理作業，預計臨時人員42人編列金額24,983千元、勞務承攬人員18人編列金額4,989千元，共計60人金額29,972千元。


",110,C,1,1
240,110,1,1,,02040,"52020401000 一般學術研究及評議",1183,1186,0,0,15,18,12,15,31,31,10,10,0,0,0,0,0,0,0,0,0,0,2445289000.00,2431966000.00,"&lt;#H1&gt;行政人員176人、研究人員1,007人、工友12人、技工15人、聘用人員31人、約僱人員10人，共計1,251人。

&lt;#H1&gt;另於業務費編列協助文書處理及資訊處理作業，預計臨時人員681人編列金額417,941千元、勞務承攬人員107人編列金額14,760千元，共計788人金額432,701千元；協助研究人員執行各項研究計畫，預計臨時人員3,236人編列金額2,223,881千元、勞務承攬人員451人編列金額45,096千元，共計3,687人金額2,268,977千元。",110,C,1,1
240,111,1,1,,02040,"52020400100 一般行政",147,145,0,0,10,8,3,2,12,12,0,0,0,0,12,12,3,3,0,0,0,0,200640000.00,198753000.00,"&lt;#H1&gt;行政人員147人、駐警12人、工友3人、技工10人、駕駛3人、聘用人員12人，共計187人。

&lt;#H1&gt;另於業務費編列協助文書處理及資訊處理作業，預計臨時人員42人編列金額25,157千元、勞務承攬人員18人編列金額4,989千元，共計60人金額30,146千元。


",111,C,1,1
240,111,1,1,,02040,"52020401010 人力資源",1191,1183,0,0,12,15,10,12,31,31,0,10,0,0,0,0,0,0,0,0,0,0,2487671000.00,2445289000.00,"&lt;#H1&gt;行政人員176人、研究人員1,015人、工友10人、技工12人、聘用人員31人，共計1,244人。

&lt;#H1&gt;另於業務費編列協助文書處理及資訊處理作業，預計臨時人員667人編列金額454,014千元、勞務承攬人員101人編列金額14,546千元，共計768人金額468,560千元；協助研究人員執行各項研究計畫，預計臨時人員3,107人編列金額2,222,119千元、勞務承攬人員462人編列金額51,235千元，共計3,569人金額2,273,354千元。",111,C,1,1
240,112,1,1,,02040,"52020400100 一般行政",148,147,0,0,9,10,1,3,12,12,0,0,0,0,11,12,3,3,0,0,0,0,210080000.00,200640000.00,"&lt;#H1&gt;行政人員148人、駐警11人、工友1人、技工9人、駕駛3人、聘用人員12人，共計184人。

&lt;#H1&gt;另於業務費編列協助文書處理及資訊處理作業，預計臨時人員43人編列金額31,504千元、勞務承攬人員2人編列金額96千元，共計45人金額31,600千元。


",112,C,1,1
240,112,1,1,,02040,"52020401010 人力資源",1193,1191,0,0,10,12,10,10,31,31,0,0,0,0,0,0,0,0,0,0,0,0,2568641000.00,2487671000.00,"&lt;#H1&gt;行政人員178人、研究人員1,015人、工友10人、技工10人、聘用人員31人，共計1,244人。

&lt;#H1&gt;另於業務費編列協助文書處理及資訊處理作業，預計臨時人員670人編列金額492,170千元、勞務承攬人員99人編列金額12,141千元，共計769人金額504,311千元；協助研究人員執行各項研究計畫，預計臨時人員3,032人編列金額2,249,500千元、勞務承攬人員454人編列金額48,638千元，共計3,486人金額2,298,138千元； 協助執行媒體政策及業務宣導服務費240千元。",112,C,1,1
240,113,1,1,,02040,"52020400100 一般行政",147,148,0,0,8,9,1,1,11,12,0,0,0,0,8,11,3,3,0,0,0,0,213025000.00,210080000.00,"&lt;#H1&gt;行政人員147人、駐警8人、工友1人、技工8人、駕駛3人、聘用人員11人，共計178人。

&lt;#H1&gt;另於業務費編列協助文書處理及資訊處理作業，預計臨時人員43人編列金額32,937千元。

",113,C,1,1
240,113,1,1,,02040,"52020401010 人力資源",1194,1193,0,0,10,10,10,10,32,31,0,0,0,0,0,0,0,0,0,0,0,0,2561276000.00,2568641000.00,"&lt;#H1&gt;行政人員179人、研究人員1,015人、工友10人、技工10人、聘用人員32人，共計1,246人。

&lt;#H1&gt;另於業務費編列協助文書處理及資訊處理作業，預計臨時人員678人編列金額524,371千元、勞務承攬人員113人編列金額13,790千元，共計791人金額538,161千元；協助研究人員執行各項研究計畫，預計臨時人員3,007人編列金額2,311,559千元、勞務承攬人員463人編列金額51,871千元，共計3,470人金額2,363,430千元。
",113,C,1,1
240,114,1,,,,"0002000000   總統府主管",,,,,,,,,,,,,,,,,,,,,,,,,,
240,114,,5,,,"0002400000   中央研究院",1356,1341,,,,,5,8,9,11,17,18,3,3,43,43,,,,,1433,1424,3000801,2774301,226500,
240,114,,,1,,"5202400100   一般行政",162,147,,,,,5,8,1,1,8,8,3,3,11,11,,,,,190,178,238084,213025,25059,"1.行政人員162人、駐警5人、工友1人、技工8人、駕駛3人、聘用人員11人，共計190人。  
2.另於業務費編列協助文書處理及資訊處理作業，預計約用人員43人編列金額34,011千元。"
240,114,,,2,,"5202401000   一般學術研究及評議",1194,1194,,,,,,,8,10,9,10,,,32,32,,,,,1243,1246,2762717,2561276,201441,
240,114,,,,1,"5202401010   人力資源",1194,1194,,,,,,,8,10,9,10,,,32,32,,,,,1243,1246,2762717,2561276,201441,"1.行政人員179人、研究人員1,015人、工友8人、技工9人、聘用人員32人，共計1,243人。  
2.另於業務費編列協助文書處理及資訊處理作業，預計約用人員707人編列金額569,311千元、勞務承攬人員104人編列金額15,924千元，共計811人金額585,235千元；協助研究人員執行各項研究計畫，預計約用人員2,989人編列金額2,444,975千元、勞務承攬人員462人編列金額55,647千元，共計3,451人金額2,500,622千元。"
301,105,1,1,,03001,"33030010100 一般行政",519,516,0,0,22,24,47,47,60,63,16,16,0,0,0,0,42,45,0,0,0,0,797151000.00,776851000.00,"&lt;#H1&gt;104年度聘用員額3人調整為職員員額，減列技工員額2人及駕駛員額3人。&lt;#H1&gt;僱用或委託退休照護人員3人、工讀生進用計畫等6人與依外文編譯、文字處理、美術編輯及照片攝影等計畫進用臨時人員8人，編列臨時人員酬金11,178千元。&lt;#H1&gt;辦理事務性行政勞務委外預計進用派遣人力12人，年需經費約5,068千元。&lt;#H1&gt;辦理辦公處所環境清潔維護等勞務承攬預計31人，年需經費約13,007千元。",105,C,2,1
301,105,1,1,,03001,"33030011500 科技發展研究諮詢",9,9,0,0,0,0,0,0,9,9,8,8,0,0,0,0,0,0,0,0,0,0,24896000.00,24004000.00,,105,C,2,1
301,106,1,1,,03001,"33030010100 一般行政",525,531,0,0,22,22,47,47,58,58,16,16,0,0,0,0,42,42,0,0,0,0,780604000.00,807269000.00,"&lt;#H1&gt;上年度員額職員519人、工友47人、技工22人、駕駛42人、聘用60人、約僱16人，合計706人，年需經費797,151千元，連同自科技部移入職員員額10人及經費10,118千元，104年9月及11月核定聘用員額2人調整為職員員額，共計如表列上年度員額及年需經費。&lt;#H1&gt;106年度減列職員員額6人。&lt;#H1&gt;僱用或委託退休照護人員3人、工讀生進用計畫5人與依外文編譯、文字處理、美術編輯及照片攝影等計畫進用臨時人員8人，編列臨時人員酬金10,799千元。&lt;#H1&gt;辦理事務性行政勞務委外預計進用勞動派遣人力12人，年需經費約5,098千元。&lt;#H1&gt;辦理辦公處所環境清潔維護等勞務承攬預計31人，年需經費約13,663千元。",106,C,2,1
301,106,1,1,,03001,"33030011500 科技發展研究諮詢",8,9,0,0,0,0,0,0,9,9,7,8,0,0,0,0,0,0,0,0,0,0,24896000.00,24896000.00,106年度減列職員員額1人、約僱員額1人。,106,C,2,1
301,107,1,1,,03001,"33030010100 一般行政",525,525,0,0,22,22,47,47,58,58,16,16,0,0,0,0,40,42,0,0,0,0,775254000.00,780604000.00,"&lt;#H1&gt;106年3月核定精簡駕駛員額2人。&lt;#H1&gt;僱用或委託退休照護人員3人、工讀生進用計畫4人與依外文編譯、文字處理、美術編輯及照片攝影等計畫進用臨時人員8人，編列臨時人員酬金10,942千元。&lt;#H1&gt;辦理事務性行政勞務委外預計進用勞動派遣人力12人，年需經費約5,138千元。&lt;#H1&gt;辦理辦公處所環境清潔維護等勞務承攬預計30人，年需經費約14,273千元。",107,C,2,1
301,107,1,1,,03001,"33030011500 科技發展研究諮詢",8,8,0,0,0,0,0,0,9,9,7,7,0,0,0,0,0,0,0,0,0,0,24768000.00,24896000.00,,107,C,2,1
301,108,1,1,,03001,"33030010100 一般行政",532,525,0,0,22,22,48,47,56,58,16,16,0,0,0,0,38,40,0,0,0,0,811868000.00,775254000.00,"&lt;#H1&gt;福建省政府移入職員員額5人及工友員額1人，經費10,745千元。&lt;#H1&gt;107年核定聘用員額2人調整為職員員額。
&lt;#H1&gt;107年核定精簡駕駛員額2人。
&lt;#H1&gt;僱用或委託退休照護人員3人、工讀生進用計畫4人與依外文編譯、文字處理、美術編輯及照片攝影等計畫進用臨時人員8人，編列臨時人員酬金11,234千元。
&lt;#H1&gt;辦理事務性行政勞務委外預計進用勞動派遣人力12人，年需經費5,895千元。
&lt;#H1&gt;辦理辦公處所環境清潔維護及查核檢驗等勞務承攬預計33人，年需經費17,266千元。",108,C,2,1
301,108,1,1,,03001,"33030011500 科技發展研究諮詢",8,8,0,0,0,0,0,0,9,9,7,7,0,0,0,0,0,0,0,0,0,0,24739000.00,24896000.00,,108,C,2,1
301,109,1,1,,03001,"32030010100 一般行政",532,532,0,0,22,22,48,48,55,56,16,16,0,0,0,0,38,38,0,0,0,0,817282000.00,811868000.00,"&lt;#H1&gt;108年核定增加金馬聯合服務中心聘用執行長1人。
&lt;#H1&gt;108年核定聘用員額2人調整為職員員額。
&lt;#H1&gt;108年減列金馬聯合服務中心職員移撥員額2人。
&lt;#H1&gt;僱用或委託退休照護人員3人、行政助理7人與依外文編譯、文字處理、美術編輯、照片攝影及輿情蒐報相關業務等計畫進用臨時人員8人，編列臨時人員酬金12,745千元。
&lt;#H1&gt;辦理辦公處所環境清潔維護、查核檢驗、新聞資料及災害防救業務等相關行政事務工作勞務承攬預計44人，年需經費24,244千元。",109,C,2,1
301,109,1,1,,03001,"32030011500 科技發展研究諮詢",8,8,0,0,0,0,0,0,9,9,7,7,0,0,0,0,0,0,0,0,0,0,24446000.00,24739000.00,,109,C,2,1
301,110,1,1,,03001,"32030010100 一般行政",534,532,0,0,22,22,47,48,53,55,16,16,0,0,0,0,38,38,0,0,0,0,820561000.00,817282000.00,"&lt;#H1&gt;本院109年1月30日核定109年度預算員額，其中減列聘用員額1人，相對增置職員員額1人。
&lt;#H1&gt;本院109年7月22日核定109年度預算員額，其中減列超額出缺工友員額1人。
&lt;#H1&gt;本院109年8月3日核定109年度預算員額，其中減列聘用員額1人，相對增置職員員額1人。
&lt;#H1&gt;進用退休照護人員1人、行政助理7人與依外文編譯、文字處理、美術編輯、照片攝影及輿情蒐報相關業務等計畫進用臨時人員8人，編列臨時人員酬金12,313千元。
&lt;#H1&gt;辦理辦公處所環境清潔維護、查核檢驗、新聞資料及災害防救業務等相關行政事務工作勞務承攬預計45人，年需經費24,629千元。",110,C,2,1
301,110,1,1,,03001,"32030011500 科技發展研究諮詢",9,8,0,0,0,0,0,0,8,9,7,7,0,0,0,0,0,0,0,0,0,0,23916000.00,24446000.00,本院109年7月22日核定109年度預算員額，其中減列聘用員額1人，相對增置職員員額1人。,110,C,2,1
301,111,1,1,,03001,"32030010100 一般行政",536,534,0,0,22,22,47,47,51,53,16,16,0,0,0,0,38,38,0,0,0,0,827197000.00,820561000.00,"&lt;#H1&gt;本院110年4月19日核定110年度預算員額，其中減列聘用員額1人，相對增置職員員額1人。
&lt;#H1&gt;本院110年7月13日核定110年度預算員額，其中減列聘用員額1人，相對增置職員員額1人。
&lt;#H1&gt;進用退休照護人員1人、行政助理7人與依外文編譯、文字處理、美術編輯、照片攝影及輿情蒐報相關業務等計畫進用臨時人員8人，編列臨時人員酬金12,283千元。
&lt;#H1&gt;辦理辦公處所環境清潔維護、查核檢驗、新聞資料及災害防救業務等相關行政事務工作勞務承攬預計48人，年需經費26,439千元。",111,C,2,1
301,111,1,1,,03001,"32030011500 科技發展研究諮詢",9,9,0,0,0,0,0,0,8,8,7,7,0,0,0,0,0,0,0,0,0,0,24446000.00,23916000.00,,111,C,2,1
301,112,1,1,,03001,"32030010100 一般行政",553,536,0,0,22,22,47,47,59,51,18,16,0,0,0,0,40,38,0,0,0,0,919507000.00,805115000.00,"&lt;#H1&gt;本科目上年度法定預算年需經費827,197千元，移出22,380千元列入數位發展部資通安全署，由原促進轉型正義委員會移入298千元，淨計如表列上年度年需經費。
&lt;#H1&gt;本院111年2月21日核定111年度預算員額，增列職員員額5人。
&lt;#H1&gt;本院111年5月5日及31日核定111年度預算員額，增列職員員額31人，聘用員額10人及由原促進轉型正義委員會移撥歸還駕駛員額2人。
&lt;#H1&gt;本院111年7月12日核定111年度預算員額，其中減列聘用員額1人，相對增置職員員額1人。
&lt;#H1&gt;配合本院111年7月25日核定111年度預算員額，由「科技發展研究諮詢」科目移入約僱員額2人。
&lt;#H1&gt;本院111年8月8日核定111年度預算員額，其中減列職員員額20人，聘用員額1人移撥數位發展部資通安全署。
&lt;#H1&gt;進用退休照護人員1人、行政助理7人與依外文編譯、文字處理、美術編輯、照片攝影及輿情蒐報相關業務等計畫進用臨時人員8人，編列臨時人員酬金12,631千元。
&lt;#H1&gt;辦理辦公處所環境清潔維護、查核檢驗、新聞資料及災害防救業務等相關行政事務工作勞務承攬預計52人，年需經費28,303千元。

&lt;#H1&gt;本科目上年度法定預算年需經費24,446千元，移出列入國家科學及技術委員會，所列上年度法定預算年需經費如數減列。
&lt;#H1&gt;本院111年7月25日核定111年度預算員額，其中減列職員員額9人，聘用員額8人及約僱員額5人移撥國家科學及技術委員會，餘約僱員額2人移出列入「一般行政」科目。",112,C,2,1
301,113,2,,,,"0003000000   行政院主管",,,,,,,,,,,,,,,,,,,,,,,,,,
301,113,,1,,,"0003010000   行政院",589,553,,,,,,,47,47,22,22,40,40,62,59,16,18,,,776,739,935256,919507,15749,
301,113,,,1,,"3203010100   一般行政",553,553,,,,,,,47,47,22,22,40,40,62,59,16,18,,,740,739,900131,919507,-19376,"1.本院111年9月5日核定111年度預算員額，減列約僱員額1人。
2.本院112年2月9日核定112年度預算員額，增列聘用員額1人。
3.本院112年3月6日核定112年度預算員額，減列約僱員額1人。
4.本院112年3月10日核定112年度預算員額，增列聘用員額1人。
5.本院112年3月31日核定112年度預算員額，增列聘用員額1人。
6.進用退休照護人員1人、行政助理7人與依外文編譯、文字處理、美術編輯、照片攝影及輿情蒐報相關業務等計畫進用臨時人員8人，編列臨時人員酬金12,611千元。 
7.辦理辦公處所環境清潔維護、查核檢驗、新聞資料及災害防救業務等相關行政事務工作勞務承攬預計55人，年需經費31,008千元。"
301,113,,,12,,"3203013000   個資保護委員會籌備業務",36,,,,,,,,,,,,,,,,,,,,36,,35125,,35125,"辦理辦公處所環境清潔維護、保全及駕駛等相關行政事務工作勞務承攬預計7人，年需經費4,073千元。"
301,105,1,1,,03001,"33030010100 一般行政",519,516,0,0,22,24,47,47,60,63,16,16,0,0,0,0,42,45,0,0,0,0,804738000.00,776851000.00,"&lt;#H1&gt;104年度聘用員額3人調整為職員員額，減列技工員額2人及駕駛員額3人。&lt;#H1&gt;僱用或委託退休照護人員3人、工讀生進用計畫等6人與依外文編譯、文字處理、美術編輯及照片攝影等計畫進用臨時人員8人，編列臨時人員酬金11,178千元。&lt;#H1&gt;辦理事務性行政勞務委外預計進用派遣人力12人，年需經費約5,068千元。&lt;#H1&gt;辦理辦公處所環境清潔維護等勞務承攬預計31人，年需經費約13,007千元。",105,C,1,1
301,105,1,1,,03001,"33030011500 科技發展研究諮詢",9,9,0,0,0,0,0,0,9,9,8,8,0,0,0,0,0,0,0,0,0,0,24936000.00,24004000.00,,105,C,1,1
301,106,1,1,,03001,"33030010100 一般行政",525,531,0,0,22,22,47,47,58,58,16,16,0,0,0,0,42,42,0,0,0,0,780604000.00,807269000.00,"&lt;#H1&gt;上年度員額職員519人、工友47人、技工22人、駕駛42人、聘用60人、約僱16人，合計706人，年需經費797,151千元，連同自科技部移入職員員額10人及經費10,118千元，104年9月及11月核定聘用員額2人調整為職員員額，共計如表列上年度員額及年需經費。&lt;#H1&gt;106年度減列職員員額6人。&lt;#H1&gt;僱用或委託退休照護人員3人、工讀生進用計畫5人與依外文編譯、文字處理、美術編輯及照片攝影等計畫進用臨時人員8人，編列臨時人員酬金10,799千元。&lt;#H1&gt;辦理事務性行政勞務委外預計進用勞動派遣人力12人，年需經費約5,098千元。&lt;#H1&gt;辦理辦公處所環境清潔維護等勞務承攬預計31人，年需經費約13,663千元。",106,C,1,1
301,106,1,1,,03001,"33030011500 科技發展研究諮詢",8,9,0,0,0,0,0,0,9,9,7,8,0,0,0,0,0,0,0,0,0,0,24896000.00,24896000.00,106年度減列職員員額1人、約僱員額1人。,106,C,1,1
301,107,1,1,,03001,"33030010100 一般行政",525,525,0,0,22,22,47,47,58,58,16,16,0,0,0,0,40,42,0,0,0,0,775254000.00,780604000.00,"&lt;#H1&gt;106年3月核定精簡駕駛員額2人。&lt;#H1&gt;僱用或委託退休照護人員3人、工讀生進用計畫4人與依外文編譯、文字處理、美術編輯及照片攝影等計畫進用臨時人員8人，編列臨時人員酬金10,942千元。&lt;#H1&gt;辦理事務性行政勞務委外預計進用勞動派遣人力12人，年需經費約5,138千元。&lt;#H1&gt;辦理辦公處所環境清潔維護等勞務承攬預計30人，年需經費約14,273千元。",107,C,1,1
301,107,1,1,,03001,"33030011500 科技發展研究諮詢",8,8,0,0,0,0,0,0,9,9,7,7,0,0,0,0,0,0,0,0,0,0,24768000.00,24896000.00,,107,C,1,1
301,108,1,1,,03001,"33030010100 一般行政",532,525,0,0,22,22,48,47,56,58,16,16,0,0,0,0,38,40,0,0,0,0,811868000.00,775254000.00,"&lt;#H1&gt;福建省政府移入職員員額5人及工友員額1人，經費10,745千元。&lt;#H1&gt;107年核定聘用員額2人調整為職員員額。
&lt;#H1&gt;107年核定精簡駕駛員額2人。
&lt;#H1&gt;僱用或委託退休照護人員3人、工讀生進用計畫4人與依外文編譯、文字處理、美術編輯及照片攝影等計畫進用臨時人員8人，編列臨時人員酬金11,234千元。
&lt;#H1&gt;辦理事務性行政勞務委外預計進用勞動派遣人力12人，年需經費5,895千元。
&lt;#H1&gt;辦理辦公處所環境清潔維護及查核檢驗等勞務承攬預計33人，年需經費17,266千元。",108,C,1,1
301,108,1,1,,03001,"33030011500 科技發展研究諮詢",8,8,0,0,0,0,0,0,9,9,7,7,0,0,0,0,0,0,0,0,0,0,24739000.00,24896000.00,,108,C,1,1
301,109,1,1,,03001,"32030010100 一般行政",532,532,0,0,22,22,48,48,55,56,16,16,0,0,0,0,38,38,0,0,0,0,817282000.00,811868000.00,"&lt;#H1&gt;108年核定增加金馬聯合服務中心聘用執行長1人。
&lt;#H1&gt;108年核定聘用員額2人調整為職員員額。
&lt;#H1&gt;108年減列金馬聯合服務中心職員移撥員額2人。
&lt;#H1&gt;僱用或委託退休照護人員3人、行政助理7人與依外文編譯、文字處理、美術編輯、照片攝影及輿情蒐報相關業務等計畫進用臨時人員8人，編列臨時人員酬金12,745千元。
&lt;#H1&gt;辦理辦公處所環境清潔維護、查核檢驗、新聞資料及災害防救業務等相關行政事務工作勞務承攬預計44人，年需經費24,244千元。",109,C,1,1
301,109,1,1,,03001,"32030011500 科技發展研究諮詢",8,8,0,0,0,0,0,0,9,9,7,7,0,0,0,0,0,0,0,0,0,0,24446000.00,24739000.00,,109,C,1,1
301,110,1,1,,03001,"32030010100 一般行政",534,532,0,0,22,22,47,48,53,55,16,16,0,0,0,0,38,38,0,0,0,0,820561000.00,817282000.00,"&lt;#H1&gt;本院109年1月30日核定109年度預算員額，其中減列聘用員額1人，相對增置職員員額1人。
&lt;#H1&gt;本院109年7月22日核定109年度預算員額，其中減列超額出缺工友員額1人。
&lt;#H1&gt;本院109年8月3日核定109年度預算員額，其中減列聘用員額1人，相對增置職員員額1人。
&lt;#H1&gt;進用退休照護人員1人、行政助理7人與依外文編譯、文字處理、美術編輯、照片攝影及輿情蒐報相關業務等計畫進用臨時人員8人，編列臨時人員酬金12,313千元。
&lt;#H1&gt;辦理辦公處所環境清潔維護、查核檢驗、新聞資料及災害防救業務等相關行政事務工作勞務承攬預計45人，年需經費24,629千元。",110,C,1,1
301,110,1,1,,03001,"32030011500 科技發展研究諮詢",9,8,0,0,0,0,0,0,8,9,7,7,0,0,0,0,0,0,0,0,0,0,24416000.00,24446000.00,本院109年7月22日核定109年度預算員額，其中減列聘用員額1人，相對增置職員員額1人。,110,C,1,1
301,111,1,1,,03001,"32030010100 一般行政",536,534,0,0,22,22,47,47,51,53,16,16,0,0,0,0,38,38,0,0,0,0,827197000.00,820561000.00,"&lt;#H1&gt;本院110年4月19日核定110年度預算員額，其中減列聘用員額1人，相對增置職員員額1人。
&lt;#H1&gt;本院110年7月13日核定110年度預算員額，其中減列聘用員額1人，相對增置職員員額1人。
&lt;#H1&gt;進用退休照護人員1人、行政助理7人與依外文編譯、文字處理、美術編輯、照片攝影及輿情蒐報相關業務等計畫進用臨時人員8人，編列臨時人員酬金12,283千元。
&lt;#H1&gt;辦理辦公處所環境清潔維護、查核檢驗、新聞資料及災害防救業務等相關行政事務工作勞務承攬預計48人，年需經費26,439千元。",111,C,1,1
301,111,1,1,,03001,"32030011500 科技發展研究諮詢",9,9,0,0,0,0,0,0,8,8,7,7,0,0,0,0,0,0,0,0,0,0,24446000.00,23916000.00,,111,C,1,1
301,112,1,1,,03001,"32030010100 一般行政",553,536,0,0,22,22,47,47,59,51,18,16,0,0,0,0,40,38,0,0,0,0,919507000.00,801115000.00,"&lt;#H1&gt;本科目上年度法定預算年需經費827,197千元，移出22,380千元列入數位發展部資通安全署，由原促進轉型正義委員會移入298千元，淨計如表列上年度年需經費。
&lt;#H1&gt;本院111年2月21日核定111年度預算員額，增列職員員額5人。
&lt;#H1&gt;本院111年5月5日及31日核定111年度預算員額，增列職員員額31人，聘用員額10人及由原促進轉型正義委員會移撥歸還駕駛員額2人。
&lt;#H1&gt;本院111年7月12日核定111年度預算員額，其中減列聘用員額1人，相對增置職員員額1人。
&lt;#H1&gt;配合本院111年7月25日核定111年度預算員額，由「科技發展研究諮詢」科目移入約僱員額2人。
&lt;#H1&gt;本院111年8月8日核定111年度預算員額，其中減列職員員額20人，聘用員額1人移撥數位發展部資通安全署。
&lt;#H1&gt;進用退休照護人員1人、行政助理7人與依外文編譯、文字處理、美術編輯、照片攝影及輿情蒐報相關業務等計畫進用臨時人員8人，編列臨時人員酬金12,631千元。
&lt;#H1&gt;辦理辦公處所環境清潔維護、查核檢驗、新聞資料及災害防救業務等相關行政事務工作勞務承攬預計52人，年需經費28,870千元。

&lt;#H1&gt;本科目上年度法定預算年需經費24,446千元，移出列入國家科學及技術委員會，所列上年度法定預算年需經費如數減列。
&lt;#H1&gt;本院111年7月25日核定111年度預算員額，其中減列職員員額9人，聘用員額8人及約僱員額5人移撥國家科學及技術委員會，餘約僱員額2人移出列入「一般行政」科目。",112,C,1,1
301,113,1,1,,03001,"32030010100 一般行政",553,553,0,0,22,22,47,47,62,59,16,18,0,0,0,0,40,40,0,0,0,0,900131000.00,919507000.00,"&lt;#H1&gt;本院111年9月5日核定111年度預算員額，減列約僱員額1人。
&lt;#H1&gt;本院112年2月9日核定112年度預算員額，增列聘用員額1人。
&lt;#H1&gt;本院112年3月6日核定112年度預算員額，減列約僱員額1人。
&lt;#H1&gt;本院112年3月10日核定112年度預算員額，增列聘用員額1人。
&lt;#H1&gt;本院112年3月31日核定112年度預算員額，增列聘用員額1人。
&lt;#H1&gt;進用退休照護人員1人、行政助理7人與依外文編譯、文字處理、美術編輯、照片攝影及輿情蒐報相關業務等計畫進用臨時人員8人，編列臨時人員酬金12,611千元。
&lt;#H1&gt;辦理辦公處所環境清潔維護、查核檢驗、新聞資料及災害防救業務等相關行政事務工作勞務承攬預計55人，年需經費31,008千元。",113,B,1,1
301,113,1,1,,03001,"32030013000 個資保護委員會籌備業務",36,0,0,0,0,0,0,0,0,0,0,0,0,0,0,0,0,0,0,0,0,0,35125000.00,0.00,"辦理辦公處所環境清潔維護、保全及駕駛等相關行政事務工作勞務承攬預計7人，年需經費4,073千元。",113,B,1,1
301,114,2,,,,"0003000000   行政院主管",,,,,,,,,,,,,,,,,,,,,,,,,,
301,114,,1,,,"0003010000   行政院",592,589,,,,,,,47,47,22,22,40,40,62,62,16,16,,,779,776,985131,935256,49875,
301,114,,,1,,"3203010100   一般行政",556,553,,,,,,,47,47,22,22,40,40,60,62,16,16,,,741,740,943349,900131,43218,"1.本院112年8月8日核定112年度預算員額，減列聘用員額1人，相對增加職員員額1人。
2.本院112年9月23日核定112年度預算員額，減列聘用員額1人，相對增加職員員額1人。
3.本院112年11月30日核定112年度預算員額，增列職員員額1人。
4.進用退休照護人員1人、行政助理7人與依外文編譯、文字處理、美術編輯、照片攝影及輿情蒐報相關業務等計畫進用人員8人，編列約用人員酬金13,363千元。 
5.辦理辦公處所環境清潔維護、查核檢驗、新聞資料及災害防救業務等相關行政事務工作勞務承攬預計61人，年需經費36,175千元。"
301,114,,,11,,"3203013000   個資保護委員會籌備業務",36,36,,,,,,,,,,,,,2,,,,,,38,36,41782,35125,6657,"1.本院112年12月5日核定112年度預算員額，由國家發展委員會移撥職員員額2人。
2.本院112年12月28日核定113年度預算員額，減列職員員額2人，相對增加聘用員額2人。 
3.辦理辦公處所環境清潔維護、保全及駕駛等相關行政事務工作勞務承攬預計7人，年需經費4,073千元。"
401,105,1,1,,04001,"34040010100 一般行政",423,419,0,0,219,219,97,97,71,75,25,25,0,0,25,29,67,67,0,0,0,0,1271135000.00,1158280000.00,職員法定編制員額614至743人。配合業務需要，本年度置預算員額職員423人，駐警25人，工友97人，技工219人，駕駛67人，聘用人員71人，約僱人員25人。,105,C,2,1
401,105,1,1,,04001,"34040010201 委員歲費及公費",0,0,0,0,0,0,0,0,0,0,0,0,0,0,0,0,0,0,0,0,113,113,292725000.00,292725000.00,"依憲法增修條文第4條立法委員自第7屆起 113人；另依立法院組織法第32條每位委員置公費助理8至14人；第33條每1黨(政)團置公費助理10至16人，本年度編列4個黨(政)團相關經費。                                                                 
                                                       臨時人員酬金部分：<#H1>進用計畫：支援本院議場宣讀及公關接待外語譯事之人力需求。<#H1>預計人數：3人。<#H1>預算編列金額：1,534千元。",105,C,2,1
401,106,1,1,,04001,"34040010100 一般行政",425,423,0,0,219,219,97,97,69,71,25,25,0,0,24,25,67,67,0,0,0,0,1148678000.00,1271135000.00,職員法定編制員額614至743人。配合業務需要，本年度置預算員額職員425人，駐警24人，工友97人，技工219人，駕駛67人，聘用人員69人，約僱人員25人。,106,C,2,1
401,106,1,1,,04001,"34040010201 委員歲費及公費",0,0,0,0,0,0,0,0,0,0,0,0,0,0,0,0,0,0,0,0,113,113,292725000.00,292725000.00,"依憲法增修條文第4條立法委員自第7屆起 113人；另依立法院組織法第32條每位委員置公費助理8至14人；第33條每1黨(政)團置公費助理10至16人，本年度編列4個黨(政)團相關經費。                                                                 
                                                       臨時人員酬金部分：&lt;#H1&gt;進用計畫：支援本院議場宣讀、公關接待外語譯事及各單位庶務行政等工作之人力需求。&lt;#H1&gt;預計人數：5人。&lt;#H1&gt;預算編列金額：3,692千元。",106,C,2,1
401,107,1,1,,04001,"34040010100 一般行政",429,425,0,0,219,219,89,97,65,69,25,25,0,0,21,24,75,67,0,0,0,0,1152819000.00,1148678000.00,職員法定編制員額614至743人。配合業務需要，本年度置預算員額職員429人，駐警21人，工友89人，技工219人，駕駛75人，聘用人員65人，約僱人員25人。,107,C,2,1
401,107,1,1,,04001,"34040010201 委員歲費及公費",0,0,0,0,0,0,0,0,0,0,0,0,0,0,0,0,0,0,0,0,113,113,292725000.00,292725000.00,"依憲法增修條文第4條立法委員自第7屆起 113人；另依立法院組織法第32條每位委員置公費助理8至14人；第33條每1黨(政)團置公費助理10至16人，本年度編列4個黨(政)團相關經費。                                                                 
                                                       臨時人員酬金部分：&lt;#H1&gt;進用計畫：支援本院議場宣讀、公關接待外語譯事及各單位庶務行政等工作之人力需求。&lt;#H1&gt;預計人數：5人。&lt;#H1&gt;預算編列金額：3,692千元。",107,C,2,1
401,108,1,1,,04001,"34040010100 一般行政",436,429,0,0,220,219,91,89,64,65,31,25,0,0,17,21,79,75,0,0,0,0,1220635000.00,1152819000.00,職員法定編制員額614至743人。配合業務需要及承接臺灣省諮議會移撥人員19人（其中職員6人、工友2人、技工1人、駕駛4人及約僱人員6人），本年度置預算員額職員436人，駐警17人，工友91人，技工220人，駕駛79人，聘用人員64人，約僱人員31人。,108,C,2,1
401,108,1,1,,04001,"34040010201 委員歲費及公費",0,0,0,0,0,0,0,0,0,0,0,0,0,0,0,0,0,0,0,0,113,113,301668000.00,292725000.00,"依憲法增修條文第4條立法委員自第7屆起 113人；另依立法院組織法第32條每位委員置公費助理8至14人；第33條每1黨(政)團置公費助理10至16人，本年度編列4個黨(政)團相關經費。                                                                 
                                                       臨時人員酬金部分：&lt;#H1&gt;進用計畫：支援本院議場宣讀、公關接待外語譯事及各單位庶務行政等工作之人力需求。&lt;#H1&gt;預計人數：5人。&lt;#H1&gt;預算編列金額：3,692千元。",108,C,2,1
401,109,1,1,,04001,"33040010100 一般行政",441,436,0,0,220,220,91,91,59,64,31,31,0,0,13,17,79,79,0,0,0,0,1223320000.00,1220635000.00,職員法定編制員額614至743人。配合業務需要，本年度置預算員額職員441人，駐警13人，工友91人，技工220人，駕駛79人，聘用人員59人，約僱人員31人。,109,C,2,1
401,109,1,1,,04001,"33040010201 委員歲費及公費",0,0,0,0,0,0,0,0,0,0,0,0,0,0,0,0,0,0,0,0,113,113,301668000.00,301668000.00,"依憲法增修條文第4條立法委員自第7屆起 113人；另依立法院組織法第32條每位委員置公費助理8至14人；第33條每1黨(政)團置公費助理10至16人，本年度編列4個黨(政)團相關經費。                                                                 
                                                       臨時人員酬金部分：&lt;#H1&gt;進用計畫：支援本院議場宣讀、公關接待外語譯事及各單位庶務行政等工作之人力需求。&lt;#H1&gt;預計人數：5人。&lt;#H1&gt;預算編列金額：3,744千元。",109,C,2,1
401,110,1,1,,04001,"33040010100 一般行政",444,442,0,0,220,220,91,91,56,58,31,31,0,0,10,13,79,79,0,0,0,0,1204900000.00,1223320000.00,職員法定編制員額614至743人。配合業務需要，本年度置預算員額職員444人，駐警10人，工友91人，技工220人，駕駛79人，聘用人員56人，約僱人員31人。,110,C,2,1
401,110,1,1,,04001,"33040010201 委員歲費及公費",0,0,0,0,0,0,0,0,0,0,0,0,0,0,0,0,0,0,0,0,113,113,301668000.00,301668000.00,"依憲法增修條文第4條立法委員自第7屆起 113人；另依立法院組織法第32條每位委員置公費助理8至14人；第33條每1黨(政)團置公費助理10至16人，本年度編列4個黨(政)團相關經費。                                                                 
                                                      
&lt;#H1&gt; 臨時人員部分：
&lt;#H2&gt;進用計畫：支援本院議場宣讀、公關接待外語譯事及各單位庶務行政等工作之人力需求。
&lt;#H2&gt;預計人數：5人。
&lt;#H2&gt;預算編列金額：編列於一般行政3,161千元、議事業務583千元，合計3,744千元。

&lt;#H1&gt;勞務承攬部分：
&lt;#H2&gt;進用計畫：立法院110年度院區清潔、園藝維護等案及院區等建物空調設備維護保養案。
&lt;#H2&gt;預計人數：80人。
&lt;#H2&gt;預算編列金額：編列於一般行政20,524千元、委員會館16,490千元，合計37,014千元。",110,C,2,1
401,111,1,1,,04001,"33040010100 一般行政",446,445,0,0,220,220,91,91,54,55,31,31,0,0,8,10,79,79,0,0,0,0,1205770000.00,1204900000.00,職員法定編制員額614至743人。配合業務需要，本年度置預算員額職員446人，駐警8人，工友91人，技工220人，駕駛79人，聘用人員54人，約僱人員31人。,111,C,2,1
401,111,1,1,,04001,"33040010201 委員歲費及公費",0,0,0,0,0,0,0,0,0,0,0,0,0,0,0,0,0,0,0,0,113,113,301668000.00,301668000.00,"依憲法增修條文第4條立法委員自第7屆起 113人；另依立法院組織法第32條每位委員置公費助理8至14人；第33條每1黨(政)團置公費助理10至16人，本年度編列4個黨(政)團相關經費。                                                                 
                                                      
&lt;#H1&gt; 臨時人員部分：
&lt;#H2&gt;進用計畫：支援本院議場宣讀、公關接待外語譯事及各單位庶務行政等工作之人力需求。
&lt;#H2&gt;預計人數：5人。
&lt;#H2&gt;預算編列金額：編列於一般行政3,161千元、議事業務583千元，合計3,744千元。

&lt;#H1&gt;勞務承攬部分：
&lt;#H2&gt;進用計畫：立法院111年度院區清潔、園藝維護等案及院區等建物空調設備維護保養案。
&lt;#H2&gt;預計人數：79人。
&lt;#H2&gt;預算編列金額：編列於一般行政22,674千元、委員會館12,900千元，合計35,574千元。",111,C,2,1
401,112,1,1,,04001,"33040010100 一般行政",449,446,0,0,220,220,91,91,51,54,31,31,0,0,8,8,78,79,0,0,0,0,1253758000.00,1205770000.00,職員法定編制員額614至743人。配合業務需要，本年度置預算員額職員449人，駐警8人，工友91人，技工220人，駕駛78人，聘用人員51人，約僱人員31人。,112,C,2,1
401,112,1,1,,04001,"33040010201 委員歲費及公費",0,0,0,0,0,0,0,0,0,0,0,0,0,0,0,0,0,0,0,0,113,113,313963000.00,301668000.00,"依憲法增修條文第4條立法委員自第7屆起113人；另依立法院組織法第32條每位委員置公費助理8至14人；第33條每1黨(政)團置公費助理10至16人，本年度編列4個黨(政)團相關經費。                                                                 
                                                      
&lt;#H1&gt; 臨時人員部分：
&lt;#H2&gt;進用計畫：支援本院議場宣讀、公關接待外語譯事及各單位庶務行政等工作之人力需求。
&lt;#H2&gt;預計人數：5人。
&lt;#H2&gt;預算編列金額：編列於一般行政3,308千元、議事業務592千元，合計3,900千元。

&lt;#H1&gt;勞務承攬部分：
&lt;#H2&gt;進用計畫：立法院112年度院區清潔、園藝維護等案及院區等建物空調設備維護保養案。
&lt;#H2&gt;預計人數：80人。
&lt;#H2&gt;預算編列金額：編列於一般行政25,251千元、委員會館13,715千元，合計38,966千元。",112,C,2,1
401,113,3,,,,"0004000000   立法院主管",,,,,,,,,,,,,,,,,,,,,,,,,,,,
401,113,,1,,,"0004010000   立法院",113,113,472,449,,,,,6,8,90,91,220,220,77,78,48,51,31,31,,,1057,1041,1592261,1567721,24540,
401,113,,,1,,"3304010100   一般行政",,,472,449,,,,,6,8,90,91,220,220,77,78,48,51,31,31,,,944,928,1278298,1253758,24540,"1.職員法定編制員額611至740人(不含出缺不補人數)。
2.配合業務需要，本年度置預算員額職員472人，駐警6人，工友90人，技工220人，駕駛77人，聘用人員48人，約僱人員31人。 
3.上年度預算員額職員原列449人，於112年7月20日奉行政院核定增列國際事務處職員20人，調整後為469人。"
401,113,,,2,,"3304010200   委員問政業務",113,113,,,,,,,,,,,,,,,,,,,,,113,113,313963,313963,,
401,113,,,,1,"3304010201   委員歲費及公費",113,113,,,,,,,,,,,,,,,,,,,,,113,113,313963,313963,,"依憲法增修條文第4條立法委員自第7屆起113人；另依立法院組織法第32條每位委員置公費助理8至14人；第33條每1黨(政)團置公費助理10至16人，本年度編列4個黨(政)團相關經費。
1. 臨時人員部分： 
  (1)進用計畫：支援本院議場宣讀、公關接待外語譯事及各單位庶務行政等工作之人力需求。
  (2)預計人數：5人。
  (3)預算編列金額：編列於一般行政3,308千元、議事業務592千元，合計3,900千元。 
2.勞務承攬部分：
  (1)進用計畫：立法院113年度院區清潔、園藝維護等案及院區等建物空調設備維護保養案。 
  (2)預計人數：80人。 
  (3)預算編列金額：編列於一般行政25,293千元、委員會館13,974千元，合計39,267千元。"
401,105,1,1,,04001,"34040010100 一般行政",423,419,0,0,219,219,97,97,71,75,25,25,0,0,25,29,67,67,0,0,0,0,1275799000.00,1158280000.00,職員法定編制員額614至743人。配合業務需要，本年度置預算員額職員423人，駐警25人，工友97人，技工219人，駕駛67人，聘用人員71人，約僱人員25人。,105,C,1,1
401,105,1,1,,04001,"34040010201 委員歲費及公費",0,0,0,0,0,0,0,0,0,0,0,0,0,0,0,0,0,0,0,0,113,113,292725000.00,292725000.00,"依憲法增修條文第4條立法委員自第7屆起 113人；另依立法院組織法第32條每位委員置公費助理8至14人；第33條每1黨(政)團置公費助理10至16人，本年度編列4個黨(政)團相關經費。                                                                 
                                                       臨時人員酬金部分：<#H1>進用計畫：支援本院議場宣讀及公關接待外語譯事之人力需求。<#H1>預計人數：3人。<#H1>預算編列金額：1,534千元。",105,C,1,1
401,106,1,1,,04001,"34040010100 一般行政",425,423,0,0,219,219,97,97,69,71,25,25,0,0,24,25,67,67,0,0,0,0,1148678000.00,1271135000.00,職員法定編制員額614至743人。配合業務需要，本年度置預算員額職員425人，駐警24人，工友97人，技工219人，駕駛67人，聘用人員69人，約僱人員25人。,106,C,1,1
401,106,1,1,,04001,"34040010201 委員歲費及公費",0,0,0,0,0,0,0,0,0,0,0,0,0,0,0,0,0,0,0,0,113,113,292725000.00,292725000.00,"依憲法增修條文第4條立法委員自第7屆起 113人；另依立法院組織法第32條每位委員置公費助理8至14人；第33條每1黨(政)團置公費助理10至16人，本年度編列4個黨(政)團相關經費。                                                                 
                                                       臨時人員酬金部分：&lt;#H1&gt;進用計畫：支援本院議場宣讀、公關接待外語譯事及各單位庶務行政等工作之人力需求。&lt;#H1&gt;預計人數：5人。&lt;#H1&gt;預算編列金額：3,692千元。",106,C,1,1
401,107,1,1,,04001,"34040010100 一般行政",429,425,0,0,219,219,89,97,65,69,25,25,0,0,21,24,75,67,0,0,0,0,1152819000.00,1148678000.00,職員法定編制員額614至743人。配合業務需要，本年度置預算員額職員429人，駐警21人，工友89人，技工219人，駕駛75人，聘用人員65人，約僱人員25人。,107,C,1,1
401,107,1,1,,04001,"34040010201 委員歲費及公費",0,0,0,0,0,0,0,0,0,0,0,0,0,0,0,0,0,0,0,0,113,113,292725000.00,292725000.00,"依憲法增修條文第4條立法委員自第7屆起 113人；另依立法院組織法第32條每位委員置公費助理8至14人；第33條每1黨(政)團置公費助理10至16人，本年度編列4個黨(政)團相關經費。                                                                 
                                                       臨時人員酬金部分：&lt;#H1&gt;進用計畫：支援本院議場宣讀、公關接待外語譯事及各單位庶務行政等工作之人力需求。&lt;#H1&gt;預計人數：5人。&lt;#H1&gt;預算編列金額：3,692千元。",107,C,1,1
401,108,1,1,,04001,"34040010100 一般行政",436,429,0,0,220,219,91,89,64,65,31,25,0,0,17,21,79,75,0,0,0,0,1220635000.00,1152819000.00,職員法定編制員額614至743人。配合業務需要及承接臺灣省諮議會移撥人員19人（其中職員6人、工友2人、技工1人、駕駛4人及約僱人員6人），本年度置預算員額職員436人，駐警17人，工友91人，技工220人，駕駛79人，聘用人員64人，約僱人員31人。,108,C,1,1
401,108,1,1,,04001,"34040010201 委員歲費及公費",0,0,0,0,0,0,0,0,0,0,0,0,0,0,0,0,0,0,0,0,113,113,301668000.00,292725000.00,"依憲法增修條文第4條立法委員自第7屆起 113人；另依立法院組織法第32條每位委員置公費助理8至14人；第33條每1黨(政)團置公費助理10至16人，本年度編列4個黨(政)團相關經費。                                                                 
                                                       臨時人員酬金部分：&lt;#H1&gt;進用計畫：支援本院議場宣讀、公關接待外語譯事及各單位庶務行政等工作之人力需求。&lt;#H1&gt;預計人數：5人。&lt;#H1&gt;預算編列金額：3,692千元。",108,C,1,1
401,109,1,1,,04001,"33040010100 一般行政",441,436,0,0,220,220,91,91,59,64,31,31,0,0,13,17,79,79,0,0,0,0,1223320000.00,1220635000.00,職員法定編制員額614至743人。配合業務需要，本年度置預算員額職員441人，駐警13人，工友91人，技工220人，駕駛79人，聘用人員59人，約僱人員31人。,109,C,1,1
401,109,1,1,,04001,"33040010201 委員歲費及公費",0,0,0,0,0,0,0,0,0,0,0,0,0,0,0,0,0,0,0,0,113,113,301668000.00,301668000.00,"依憲法增修條文第4條立法委員自第7屆起 113人；另依立法院組織法第32條每位委員置公費助理8至14人；第33條每1黨(政)團置公費助理10至16人，本年度編列4個黨(政)團相關經費。                                                                 
                                                       臨時人員酬金部分：&lt;#H1&gt;進用計畫：支援本院議場宣讀、公關接待外語譯事及各單位庶務行政等工作之人力需求。&lt;#H1&gt;預計人數：5人。&lt;#H1&gt;預算編列金額：3,744千元。",109,C,1,1
401,110,1,1,,04001,"33040010100 一般行政",444,442,0,0,220,220,91,91,56,58,31,31,0,0,10,13,79,79,0,0,0,0,1204900000.00,1223320000.00,職員法定編制員額614至743人。配合業務需要，本年度置預算員額職員444人，駐警10人，工友91人，技工220人，駕駛79人，聘用人員56人，約僱人員31人。,110,C,1,1
401,110,1,1,,04001,"33040010201 委員歲費及公費",0,0,0,0,0,0,0,0,0,0,0,0,0,0,0,0,0,0,0,0,113,113,301668000.00,301668000.00,"依憲法增修條文第4條立法委員自第7屆起 113人；另依立法院組織法第32條每位委員置公費助理8至14人；第33條每1黨(政)團置公費助理10至16人，本年度編列4個黨(政)團相關經費。                                                                 
                                                      
&lt;#H1&gt; 臨時人員部分：
&lt;#H2&gt;進用計畫：支援本院議場宣讀、公關接待外語譯事及各單位庶務行政等工作之人力需求。
&lt;#H2&gt;預計人數：5人。
&lt;#H2&gt;預算編列金額：編列於一般行政3,161千元、議事業務583千元，合計3,744千元。

&lt;#H1&gt;勞務承攬部分：
&lt;#H2&gt;進用計畫：立法院110年度院區清潔、園藝維護等案及院區等建物空調設備維護保養案。
&lt;#H2&gt;預計人數：80人。
&lt;#H2&gt;預算編列金額：編列於一般行政22,776千元、委員會館17,090千元，合計39,866千元。",110,C,1,1
401,111,1,1,,04001,"33040010100 一般行政",446,445,0,0,220,220,91,91,54,55,31,31,0,0,8,10,79,79,0,0,0,0,1205770000.00,1204900000.00,職員法定編制員額614至743人。配合業務需要，本年度置預算員額職員446人，駐警8人，工友91人，技工220人，駕駛79人，聘用人員54人，約僱人員31人。,111,C,1,1
401,111,1,1,,04001,"33040010201 委員歲費及公費",0,0,0,0,0,0,0,0,0,0,0,0,0,0,0,0,0,0,0,0,113,113,301668000.00,301668000.00,"依憲法增修條文第4條立法委員自第7屆起 113人；另依立法院組織法第32條每位委員置公費助理8至14人；第33條每1黨(政)團置公費助理10至16人，本年度編列4個黨(政)團相關經費。                                                                 
                                                      
&lt;#H1&gt; 臨時人員部分：
&lt;#H2&gt;進用計畫：支援本院議場宣讀、公關接待外語譯事及各單位庶務行政等工作之人力需求。
&lt;#H2&gt;預計人數：5人。
&lt;#H2&gt;預算編列金額：編列於一般行政3,161千元、議事業務583千元，合計3,744千元。

&lt;#H1&gt;勞務承攬部分：
&lt;#H2&gt;進用計畫：立法院111年度院區清潔、園藝維護等案及院區等建物空調設備維護保養案。
&lt;#H2&gt;預計人數：79人。
&lt;#H2&gt;預算編列金額：編列於一般行政22,874千元、委員會館13,066千元，合計35,940千元。",111,C,1,1
401,112,1,1,,04001,"33040010100 一般行政",449,446,0,0,220,220,91,91,51,54,31,31,0,0,8,8,78,79,0,0,0,0,1253758000.00,1205770000.00,職員法定編制員額614至743人。配合業務需要，本年度置預算員額職員449人，駐警8人，工友91人，技工220人，駕駛78人，聘用人員51人，約僱人員31人。,112,C,1,1
401,112,1,1,,04001,"33040010201 委員歲費及公費",0,0,0,0,0,0,0,0,0,0,0,0,0,0,0,0,0,0,0,0,113,113,313963000.00,301668000.00,"依憲法增修條文第4條立法委員自第7屆起113人；另依立法院組織法第32條每位委員置公費助理8至14人；第33條每1黨(政)團置公費助理10至16人，本年度編列4個黨(政)團相關經費。                                                                 
                                                      
&lt;#H1&gt; 臨時人員部分：
&lt;#H2&gt;進用計畫：支援本院議場宣讀、公關接待外語譯事及各單位庶務行政等工作之人力需求。
&lt;#H2&gt;預計人數：5人。
&lt;#H2&gt;預算編列金額：編列於一般行政3,308千元、議事業務592千元，合計3,900千元。

&lt;#H1&gt;勞務承攬部分：
&lt;#H2&gt;進用計畫：立法院112年度院區清潔、園藝維護等案及院區等建物空調設備維護保養案。
&lt;#H2&gt;預計人數：80人。
&lt;#H2&gt;預算編列金額：編列於一般行政26,097千元、委員會館13,966千元，合計40,063千元。",112,C,1,1
401,113,1,1,,04001,"33040010100 一般行政",472,449,0,0,220,220,90,91,48,51,31,31,0,0,6,8,77,78,0,0,0,0,1280298000.00,1253758000.00,"&lt;#H1&gt;職員法定編制員額611至740人(不含出缺不補人數)。
&lt;#H1&gt;配合業務需要，本年度置預算員額職員472人，駐警6人，工友90人，技工220人，駕駛77人，聘用人員48人，約僱人員31人。
&lt;#H1&gt;上年度預算員額職員原列449人，於112年7月20日奉行政院核定增列國際事務處職員20人，調整後為469人。",113,C,1,1
401,113,1,1,,04001,"33040010201 委員歲費及公費",0,0,0,0,0,0,0,0,0,0,0,0,0,0,0,0,0,0,0,0,113,113,313963000.00,313963000.00,"依憲法增修條文第4條立法委員自第7屆起113人；另依立法院組織法第32條每位委員置公費助理8至14人；第33條每1黨(政)團置公費助理10至16人，本年度編列4個黨(政)團相關經費。                                                                 
                                                      
&lt;#H1&gt; 臨時人員部分：
&lt;#H2&gt;進用計畫：支援本院議場宣讀、公關接待外語譯事及各單位庶務行政等工作之人力需求。
&lt;#H2&gt;預計人數：5人。
&lt;#H2&gt;預算編列金額：編列於一般行政3,308千元、議事業務592千元，合計3,900千元。

&lt;#H1&gt;勞務承攬部分：
&lt;#H2&gt;進用計畫：立法院113年度院區清潔、園藝維護等案及院區等建物空調設備維護保養案。
&lt;#H2&gt;預計人數：80人。
&lt;#H2&gt;預算編列金額：編列於一般行政26,097千元、委員會館14,215千元，合計40,312千元。",113,C,1,1
401,114,3,,,,"0004000000   立法院主管",,,,,,,,,,,,,,,,,,,,,,,,,,,,
401,114,,1,,,"0004010000   立法院",113,113,476,472,,,,,5,6,90,90,220,220,77,77,41,48,31,31,,,1053,1057,1657153,1592261,64892,
401,114,,,1,,"3304010100   一般行政",,,476,472,,,,,5,6,90,90,220,220,77,77,41,48,31,31,,,940,944,1330408,1278298,52110,"1.職員法定編制員額611至740人(不含出缺不補人數)。 
2.配合業務需要，本年度置預算員額職員476人，駐警5人，工友90人，技工220人，駕駛77人，聘用人員41人，約僱人員31人。"
401,114,,,2,,"3304010200   委員問政業務",113,113,,,,,,,,,,,,,,,,,,,,,113,113,326745,313963,12782,
401,114,,,,1,"3304010201   委員歲費及公費",113,113,,,,,,,,,,,,,,,,,,,,,113,113,326745,313963,12782,"依憲法增修條文第4條立法委員自第7屆起113人；另依立法院組織法第32條每位委員置公費助理8至14人；第33條每1黨(政)團置公費助理10至16人，本年度編列3個黨(政)團相關經費。
 
 
 
 
 

1.約用人員部分： 
  (1)進用計畫：支援本院議場宣讀、公關接待外語譯事及各單位庶務行政等工作之人力需求。
  (2)預計人數：5人。
  (3)預算編列金額：編列於一般行政3,343千元、議事業務616千元，合計3,959千元。 
2.勞務承攬部分：
  (1)進用計畫：立法院114年度院區清潔、園藝維護等案及院區等建物空調設備維護保養案。 
  (2)預計人數：80人。 
  (3)預算編列金額：編列於一般行政28,284千元、委員會館14,215千元，合計42,499千元。"
501,110,1,1,,05001,"34050010100 一般行政",394,371,0,0,9,9,18,18,44,26,0,0,2,0,6,6,29,30,0,0,0,0,544987000.00,505041000.00,"&lt;#H1&gt;本年度非以人事費支付「臨時人員」預算編列2,548千元，係為使大學法律系(所)學生接觸司法實務及培育優良司法人才，預計於寒暑假進用工讀生60人。
&lt;#H1&gt;本年度非以人事費支付之「勞務承攬」預算編列117,945千元，係為辦理本院清潔、資訊、電機、電話總機、檔案管理、駕駛及公文傳遞等業務，預計進用66人；支援法院執行科技監控業務委外人力，預計進用44人；支援法院門衛等勤務保全，預計進用129人。",110,C,2,1
501,111,1,1,,05001,"34050010100 一般行政",396,394,0,0,8,9,18,18,48,44,0,0,2,2,6,6,29,29,0,0,0,0,560638000.00,544987000.00,"&lt;#H1&gt;本年度非以人事費支付「臨時人員」預算編列2,072千元，係為使大學法律系(所)學生接觸司法實務及培育優良司法人才，預計於寒暑假進用工讀生47人。
&lt;#H1&gt;本年度非以人事費支付之「勞務承攬」預算編列88,591千元，係為辦理本院電子卷證掃描、清潔、資訊、電機、電話總機、檔案管理、駕駛及公文傳遞等業務，預計進用70人；支援法院門衛等勤務保全，預計進用115人。",111,C,2,1
501,112,1,1,,05001,"34050010100 一般行政",396,396,0,0,8,8,18,18,49,48,0,0,2,2,5,6,29,29,0,0,0,0,596743000.00,560638000.00,"&lt;#H1&gt;本年度非以人事費支付「臨時人員」預算編列1,860千元，係為使大學法律系(所)學生接觸司法實務及培育優良司法人才，預計於寒暑假進用工讀生38人。
&lt;#H1&gt;本年度非以人事費支付之「勞務承攬」預算編列101,620千元，係為辦理本院電子卷證掃描、清潔、資訊、電機、電話總機、檔案管理、駕駛及公文傳遞等業務，預計進用76人；支援法院門衛等勤務保全，預計進用120人。",112,C,2,1
501,113,4,,,,"0005000000   司法院主管",,,,,,,,,,,,,,,,,,,,,,,,,,
501,113,,1,,,"0005010000   司法院",395,396,,,2,2,5,5,17,18,6,8,28,29,50,49,,,,,503,507,592574,596743,-4169,
501,113,,,1,,"3405010100   一般行政",395,396,,,2,2,5,5,17,18,6,8,28,29,50,49,,,,,503,507,592574,596743,-4169,"1.本年度非以人事費支付「臨時人員」預算編列2,016千元，係為使大學法律系(所)學生接觸司法實務及培育優良司法人才，預計於寒暑假進用工讀生40人。 
2.本年度非以人事費支付之「勞務承攬」預算編列103,436千元，係為辦理本院電子卷證掃描、清潔、資訊、電機、電話總機、檔案管理、駕駛及公文傳遞等業務，預計進用70人；支援法院門衛等勤務保全，預計進用120人。"
501,110,1,1,,05001,"34050010100 一般行政",394,371,0,0,9,9,18,18,44,26,0,0,2,0,6,6,29,30,0,0,0,0,544987000.00,505041000.00,"&lt;#H1&gt;本年度非以人事費支付「臨時人員」預算編列2,548千元，係為使大學法律系(所)學生接觸司法實務及培育優良司法人才，預計於寒暑假進用工讀生60人。
&lt;#H1&gt;本年度非以人事費支付之「勞務承攬」預算編列117,965千元，係為辦理本院清潔、資訊、電機、電話總機、檔案管理、駕駛及公文傳遞等業務，預計進用66人；支援法院執行科技監控業務委外人力，預計進用44人；支援法院門衛等勤務保全，預計進用129人。",110,C,1,1
501,111,1,1,,05001,"34050010100 一般行政",396,394,0,0,8,9,18,18,48,44,0,0,2,2,6,6,29,29,0,0,0,0,560638000.00,544987000.00,"&lt;#H1&gt;本年度非以人事費支付「臨時人員」預算編列2,072千元，係為使大學法律系(所)學生接觸司法實務及培育優良司法人才，預計於寒暑假進用工讀生47人。
&lt;#H1&gt;本年度非以人事費支付之「勞務承攬」預算編列88,591千元，係為辦理本院電子卷證掃描、清潔、資訊、電機、電話總機、檔案管理、駕駛及公文傳遞等業務，預計進用70人；支援法院門衛等勤務保全，預計進用115人。",111,C,1,1
501,112,1,1,,05001,"34050010100 一般行政",396,396,0,0,8,8,18,18,49,48,0,0,2,2,5,6,29,29,0,0,0,0,596743000.00,560638000.00,"&lt;#H1&gt;本年度非以人事費支付「臨時人員」預算編列1,860千元，係為使大學法律系(所)學生接觸司法實務及培育優良司法人才，預計於寒暑假進用工讀生38人。
&lt;#H1&gt;本年度非以人事費支付之「勞務承攬」預算編列102,120千元，係為辦理本院電子卷證掃描、清潔、資訊、電機、電話總機、檔案管理、駕駛及公文傳遞等業務，預計進用76人；支援法院門衛等勤務保全，預計進用122人。",112,C,1,1
501,113,1,1,,05001,"34050010100 一般行政",395,396,0,0,6,8,17,18,50,49,0,0,2,2,5,5,28,29,0,0,0,0,592574000.00,596743000.00,"&lt;#H1&gt;本年度非以人事費支付「臨時人員」預算編列2,016千元，係為使大學法律系(所)學生接觸司法實務及培育優良司法人才，預計於寒暑假進用工讀生40人。
&lt;#H1&gt;本年度非以人事費支付之「勞務承攬」預算編列103,436千元，係為辦理本院電子卷證掃描、清潔、資訊、電機、電話總機、檔案管理、駕駛及公文傳遞等業務，預計進用70人；支援法院門衛等勤務保全，預計進用120人。",113,C,1,1
501,114,4,,,,"0005000000   司法院主管",,,,,,,,,,,,,,,,,,,,,,,,,,
501,114,,1,,,"0005010000   司法院",398,395,,,2,2,5,5,10,17,7,6,26,28,51,50,,,,,499,503,623946,592574,31372,
501,114,,,1,,"3405010100   一般行政",398,395,,,2,2,5,5,10,17,7,6,26,28,51,50,,,,,499,503,623946,592574,31372,"1.本年度非以人事費支付「約用人員」預算編列2,040千元，係為使大學法律系(所)學生接觸司法實務及培育優良司法人才，預計於寒暑假進用工讀生38人。 
2.本年度非以人事費支付之「勞務承攬」預算編列55,264千元，係為辦理本院電子卷證掃描、清潔、資訊、電機、電話總機、檔案管理、駕駛及公文傳遞等業務，預計進用90人。"
2001,105,1,1,,20001,"51200010100 一般行政",373,373,0,0,3,3,15,17,47,49,18,18,0,0,20,21,13,14,0,0,0,0,550280000.00,526104000.00,,105,B,2,1
2001,105,1,1,,20001,"51200010507 國立臺灣藝術教育館行政及推展",15,13,0,0,1,1,2,2,4,5,5,6,0,0,1,1,0,0,0,0,0,0,27763000.00,25858000.00,,105,B,2,1
2001,106,1,1,,20001,"51200010100 一般行政",375,373,0,0,3,3,14,15,46,47,18,18,0,0,20,20,13,13,0,0,0,0,524779000.00,550280000.00,,106,B,2,1
2001,106,1,1,,20001,"51200010507 國立臺灣藝術教育館行政及推展",15,15,0,0,1,1,2,2,4,4,5,5,0,0,1,1,0,0,0,0,0,0,27133000.00,27763000.00,,106,B,2,1
2001,107,1,1,,20001,"51200010100 一般行政",378,375,0,0,3,3,14,14,45,46,18,18,0,0,20,20,9,13,0,0,0,0,524779000.00,524779000.00,,107,B,2,1
2001,107,1,1,,20001,"51200010507 國立臺灣藝術教育館行政及推展",16,15,0,0,1,1,2,2,3,4,5,5,0,0,1,1,0,0,0,0,0,0,27356000.00,27133000.00,,107,B,2,1
2001,109,1,1,,20001,"51200010100 一般行政",430,381,0,0,2,2,12,14,43,43,19,19,0,0,20,20,7,7,0,0,0,0,565068000.00,568807000.00,"教育部（含本部及國立臺灣藝術教育館）109年度非以人事費支付之「臨時人
員」及「勞務承攬」支出，說明如下：
&lt;#H1&gt;預計於一般行政、高等教育行政及督導、技術職業教育行政及督導、私立學校教學獎助、師資培育與藝術教育行政及督導、終身教育行政及督導、國立臺灣藝術教育館行政及推展、學生事務與特殊教育行政及督導、資訊與科技教育行政及督導與國際及兩岸教育交流等計畫，進用辦理臨時性、短期性、季節性及特定性等定期契約性質工作之「臨時人員」205人，年需經費約186,400千元。
&lt;#H1&gt;預計於一般行政、高等教育行政及督導、技術職業教育行政及督導、私立學校教學獎助、師資培育與藝術教育行政及督導、終身教育行政及督導、國立臺灣藝術教育館行政及推展、學生事務與特殊教育行政及督導、資訊與科技教育行政及督導與國際及兩岸教育交流等計畫，進用辦理辦公處所環境清潔等工作之「勞務承攬」138人，年需經費70,061千元。",109,B,2,1
2001,109,1,1,,20001,"51200010507 國立臺灣藝術教育館行政及推展",16,16,0,0,1,1,2,2,3,3,5,5,0,0,1,1,0,0,0,0,0,0,28118000.00,28335000.00,,109,B,2,1
2001,110,1,1,,20001,"51200010100 一般行政",454,430,0,0,2,2,12,12,40,43,19,19,0,0,17,20,7,7,0,0,0,0,621331000.00,565068000.00,,110,B,2,1
2001,110,1,1,,20001,"51200010507 國立臺灣藝術教育館行政及推展",16,16,0,0,1,1,2,2,3,3,5,5,0,0,0,1,0,0,0,0,0,0,30009000.00,28118000.00,"110年度非以人事費支付「勞務承攬」及「臨時人員」支出，說明如下&lt;#H1&gt;辦理辦公處所環境清潔、保全等工作之「勞務承攬」預計10人，年需經費5,585千元。&lt;#H1&gt;僱用事務性行政服務及專案性協助等工作協助之「臨時人員」12人，年需經費7,447千元(含保險費、年終獎金等)。",110,B,2,1
2001,111,1,1,,20001,"51200010100 一般行政",464,454,0,0,2,2,12,12,40,40,19,19,0,0,17,17,7,7,0,0,0,0,651331000.00,621331000.00,,111,B,2,1
2001,111,1,1,,20001,"51200010507 國立臺灣藝術教育館行政及推展",16,16,0,0,1,1,1,2,3,3,5,5,0,0,0,0,0,0,0,0,0,0,28486000.00,30009000.00,,111,B,2,1
2001,112,1,1,,20001,"51200010100 一般行政",474,464,0,0,2,2,10,12,40,41,19,19,0,0,17,17,7,7,0,0,0,0,668227000.00,651603000.00,,112,B,2,1
2001,112,1,1,,20001,"51200010507 國立臺灣藝術教育館行政及推展",16,16,0,0,1,1,0,1,3,3,5,5,0,0,0,0,0,0,0,0,0,0,29180000.00,28486000.00,"112年度非以人事費支付「勞務承攬」及「臨時人員」支出，說明如下&lt;#H1&gt;辦理辦公處所環境清潔、保全、協助檔案管理等工作之「勞務承攬」預計11人，年需經費5,883千元。&lt;#H1&gt;南海劇場技術及前後臺管理服務工作之「勞務承攬」預計6人，年需經費6,800千元。&lt;#H1&gt;僱用事務性行政服務及專案性協助等工作協助之「臨時人員」12人，年需經費7,598千元（含保險費、年終獎金等）。",112,B,2,1
2001,113,11,,,,"0020000000   教育部主管",,,,,,,,,,,,,,,,,,,,,,,,,,
2001,113,,1,,,"0020010000   教育部",503,490,,,,,16,17,7,10,3,3,6,7,39,43,24,24,,,598,594,696101,697407,-1306,
2001,113,,,1,,"5120010100   一般行政",487,474,,,,,16,17,7,10,2,2,6,7,36,40,19,19,,,573,569,667056,668227,-1171,
2001,113,,,4,,"5120010500   終身教育",16,16,,,,,,,,,1,1,,,3,3,5,5,,,25,25,29045,29180,-135,
2001,113,,,,2,"5120010507   國立臺灣藝術教育館行政及推展",16,16,,,,,,,,,1,1,,,3,3,5,5,,,25,25,29045,29180,-135,"113年度非以人事費支付「勞務承攬」及「臨時人員」支出，說明如下
1.辦理辦公處所環境清潔、保全、協助檔案管理等工作之「勞務承攬」預計11人，年需經費6,046千元。
2.南海劇場技術及前後臺管理服務工作之「勞務承攬」預計6人，年需經費6,800千元。
3.僱用事務性行政服務及專案性協助等工作協助之「臨時人員」12人，年需經費7,826千元（含保險費、年終獎金等）。"
2001,105,1,1,,20001,"51200010100 一般行政",373,373,0,0,3,3,15,17,47,49,18,18,0,0,20,21,13,14,0,0,0,0,551605000.00,526104000.00,,105,B,1,1
2001,105,1,1,,20001,"51200010507 國立臺灣藝術教育館行政及推展",15,13,0,0,1,1,2,2,4,5,5,6,0,0,1,1,0,0,0,0,0,0,27819000.00,25858000.00,"教育部（含本部及國立臺灣藝術教育館）105年度非以人事費支付
勞力外包公司之「派遣人力」或「勞務承攬」支出，說明如下：
&lt;#H1&gt;支付勞力外包公司進用辦理有關事務性行政服務及專案性協助等工作之「派遣人力」248人，年需經費113,807千元（含年終獎金1.5個月）。
&lt;#H1&gt;辦理辦公處所環境清潔、文書繕校及檔案點收等工作之「勞務承攬」預計76人，年需經費39,838千元。",105,B,1,1
2001,106,1,1,,20001,"51200010100 一般行政",375,373,0,0,3,3,14,15,46,47,18,18,0,0,20,20,13,13,0,0,0,0,524779000.00,550280000.00,,106,B,1,1
2001,106,1,1,,20001,"51200010507 國立臺灣藝術教育館行政及推展",15,15,0,0,1,1,2,2,4,4,5,5,0,0,1,1,0,0,0,0,0,0,27133000.00,27763000.00,,106,B,1,1
2001,107,1,1,,20001,"51200010100 一般行政",378,375,0,0,3,3,14,14,45,46,18,18,0,0,20,20,9,13,0,0,0,0,524779000.00,524779000.00,,107,B,1,1
2001,107,1,1,,20001,"51200010507 國立臺灣藝術教育館行政及推展",16,15,0,0,1,1,2,2,3,4,5,5,0,0,1,1,0,0,0,0,0,0,27356000.00,27133000.00,,107,B,1,1
2001,108,1,1,,20001,"51200010100 一般行政",381,378,0,0,2,3,14,14,43,45,19,18,0,0,20,20,7,9,0,0,0,0,568807000.00,524779000.00,,108,B,2,1
2001,108,1,1,,20001,"51200010507 國立臺灣藝術教育館行政及推展",16,16,0,0,1,1,2,2,3,3,5,5,0,0,1,1,0,0,0,0,0,0,28335000.00,27356000.00,"108年度非以人事費支付個人勞力外包公司之「派遣人力」、「勞務承攬」及「臨時人員」支出，說明如下：&lt;#H2&gt;支付勞力外包公司進用辦理有關事務性行政服務及專案性協助等工作之「派遣人力」12人，年需經費7,591千元(含年終獎金1.5個月)。&lt;#H2&gt;辦理辦公處所環境清潔、保全等工作之「勞務承攬」預計10人，年需經費5,100千元。&lt;#H2&gt;僱用作品展覽短期人力協助之「臨時人員」預計5人，年需經費110千元。",108,B,2,1
2001,109,1,1,,20001,"51200010100 一般行政",430,381,0,0,2,2,12,14,43,43,19,19,0,0,20,20,7,7,0,0,0,0,565068000.00,568807000.00,,109,B,1,1
2001,109,1,1,,20001,"51200010507 國立臺灣藝術教育館行政及推展",16,16,0,0,1,1,2,2,3,3,5,5,0,0,1,1,0,0,0,0,0,0,28118000.00,28335000.00,,109,B,1,1
2001,110,1,1,,20001,"51200010100 一般行政",454,430,0,0,2,2,12,12,40,43,19,19,0,0,17,20,7,7,0,0,0,0,621331000.00,565068000.00,,110,B,1,1
2001,110,1,1,,20001,"51200010507 國立臺灣藝術教育館行政及推展",16,16,0,0,1,1,2,2,3,3,5,5,0,0,0,1,0,0,0,0,0,0,30009000.00,28118000.00,,110,B,1,1
2001,111,1,1,,20001,"51200010100 一般行政",464,454,0,0,2,2,12,12,40,40,19,19,0,0,17,17,7,7,0,0,0,0,651331000.00,621331000.00,,111,B,2,1
2001,111,1,1,,20001,"51200010507 國立臺灣藝術教育館行政及推展",16,16,0,0,1,1,1,2,3,3,5,5,0,0,0,0,0,0,0,0,0,0,28486000.00,30009000.00,,111,B,2,1
2001,112,1,1,,20001,"51200010100 一般行政",474,464,0,0,2,2,10,12,40,41,19,19,0,0,17,17,7,7,0,0,0,0,668227000.00,651603000.00,,112,B,1,1
2001,112,1,1,,20001,"51200010507 國立臺灣藝術教育館行政及推展",16,16,0,0,1,1,0,1,3,3,5,5,0,0,0,0,0,0,0,0,0,0,29180000.00,28486000.00,,112,B,1,1
2001,113,1,1,,20001,"51200010100 一般行政",487,474,0,0,2,2,7,10,36,40,19,19,0,0,16,17,6,7,0,0,0,0,667056000.00,668227000.00,,113,B,1,1
2001,113,1,1,,20001,"51200010507 國立臺灣藝術教育館行政及推展",16,16,0,0,1,1,0,0,3,3,5,5,0,0,0,0,0,0,0,0,0,0,29045000.00,29180000.00,,113,B,1,1
2001,114,11,,,,"0020000000   教育部主管",,,,,,,,,,,,,,,,,,,,,,,,,,
2001,114,,1,,,"0020010000   教育部",506,503,,,,,11,16,7,7,3,3,4,6,35,39,24,24,,,590,598,744056,696101,47955,
2001,114,,,1,,"5120010100   一般行政",490,487,,,,,11,16,7,7,2,2,4,6,32,36,19,19,,,565,573,713822,667056,46766,
2001,114,,,4,,"5120010500   終身教育",16,16,,,,,,,,,1,1,,,3,3,5,5,,,25,25,30234,29045,1189,
2001,114,,,,2,"5120010507   國立臺灣藝術教育館行政及推展",16,16,,,,,,,,,1,1,,,3,3,5,5,,,25,25,30234,29045,1189,"114年度非以人事費支付「勞務承攬」及「約用人員」支出，說明如下
1.辦理辦公處所環境清潔、保全、協助檔案管理等工作之「勞務承攬」預計12人，年需經費7,672千元。
2.南海劇場技術及前後臺管理服務工作之「勞務承攬」預計6人，年需經費6,800千元。
3.協助視覺藝術教育活動及比賽庶務等工作之「勞務承攬」預計2人，年需經費850千元。
4.僱用事務性行政服務及專案性協助等工作協助之「約用人員」12人，年需經費7,826千元（含保險費、年終獎金等）。"
