id,time,捐助計畫,計畫起訖年度,捐助對象,捐助內容,捐助經費之用途分析_經常門_人事費,捐助經費之用途分析_經常門_業務費,捐助經費之用途分析_經常門_其他,捐助經費之用途分析_資本門_營建工程,捐助經費之用途分析_資本門_其他,捐助經費之用途分析_合計
201,113,合計,,,,,,914,,,914
201,113,1.對團體之捐助,,,,,,50,,,50
201,113,4040對國內團體之捐助,,,,,,50,,,50
201,113,(1)3102010100一般行政,,,,,,50,,,50
201,113,[1]捐助總統府公務人員協會　01,113-113,總統府公務人員協會,捐助本府公務人員協會辦理會員與機關間糾紛之調處、福利、訓練進修、交流互訪等事項經費。,,,50,,,50
201,113,2.對個人之捐助,,,,,,864,,,864
201,113,4085獎勵及慰問,,,,,,864,,,864
201,113,(1)3102010100一般行政,,,,,,864,,,864
201,113,[1]退休退職人員三節慰問金　02,113-113,退休退職人員,退休公務人員支(兼)領月退休金2萬8千元以下者、退職工友(含技工、駕駛)等符合資格之退休退職人員三節慰問金。,,,864,,,864
201,114,合計,,,,,,914,,,914
201,114,1.對團體之捐助,,,,,,50,,,50
201,114,4040對國內團體之捐助,,,,,,50,,,50
201,114,(1)3102010100一般行政,,,,,,50,,,50
201,114,[1]捐助總統府公務人員協會　01,114-114,總統府公務人員協會,捐助本府公務人員協會辦理會員福利及訓練進修等事項經費。,,,50,,,50
201,114,2.對個人之捐助,,,,,,864,,,864
201,114,4085獎勵及慰問,,,,,,864,,,864
201,114,(1)3102010100一般行政,,,,,,864,,,864
201,114,[1]退休退職人員三節慰問金　02,114-114,退休退職人員,退休公務人員支（兼）領月退休金2萬8千元以下者、退職工友（含技工、駕駛）等符合資格之退休退職人員三節慰問金。,,,864,,,864
240,113,合計,,,,,,709157,,,709157
240,113,1.對團體之捐助,,,,,,6758,,,6758
240,113,4040對國內團體之捐助,,,,,,6008,,,6008
240,113,(1)5202401020學術研究與人才培育,,,,,,6008,,,6008
240,113,[1]捐助中華民國天文學會　01,113-113,中華民國天文學會,學會日常會務運作,,,20,,,20
240,113,[2]捐助國際毒物學聯合會中華民國委員會　02,113-113,國際毒物學聯合會中華民國委員會,學會日常會務運作,,,10,,,10
240,113,[3]捐助國際科學史與科學哲學聯合會科學史組中華民國委員會　03,113-113,國際科學史與科學哲學聯合會科學史組中華民國委員會,學會日常會務運作,,,20,,,20
240,113,[4]國際科學資料委員會中華民國委員會　04,113-113,國際科學資料委員會中華民國委員會,學會日常會務運作,,,20,,,20
240,113,[5]捐助國際無線電科學聯合會中華民國委員會　05,113-113,國際無線電科學聯合會中華民國委員會,學會日常會務運作,,,10,,,10
240,113,[6]捐助太平洋科學協會中華民國委員會　06,113-113,太平洋科學協會中華民國委員會,學會日常會務運作,,,15,,,15
240,113,[7]捐助臺灣生物化學及分子生物學學會　07,113-113,臺灣生物化學及分子生物學學會,學會日常會務運作,,,10,,,10
240,113,[8]捐助台灣社會學會　08,113-113,台灣社會學會,學會日常會務運作,,,20,,,20
240,113,[9]捐助國際環境科學委員會中華民國委員會　09,113-113,國際環境科學委員會中華民國委員會,學會日常會務運作,,,10,,,10
240,113,[10]參與國際組織活動　10,113-113,民間社團及有關人士,補助及協助國內學術團體繳交國際組織會費,,,5873,,,5873
240,113,4045對私校之獎助,,,,,,750,,,750
240,113,(1)5202401020學術研究與人才培育,,,,,,250,,,250
240,113,[1]中研學者計畫,113-113,中研學者所屬私立學校,學校另聘教師授課鐘點費,,,250,,,250
240,113,(2)5202404000南部院區,,,,,,500,,,500
240,113,[1]關鍵議題研究-行政維運　01,113-113,私立大學,補助所招募之私立大學合聘教授減授鐘點費,,,500,,,500
240,113,2.對個人之捐助,,,,,,689099,,,689099
240,113,4050對學生之獎助,,,,,,543667,,,543667
240,113,(1)5202401020學術研究與人才培育,,,,,,406687,,,406687
240,113,[1]碩博士研究生獎助學金-人才培育及延攬計畫　01,113-113,碩博士研究生,碩博士研究生獎助學金,,,292013,,,292013
240,113,[2]碩博士研究生獎助學金-跨領域開發及研究設施之改善　02,113-113,碩博士研究生,碩博士研究生獎助學金,,,82750,,,82750
240,113,[3]碩博士研究生獎助學金-任務型專案研究計畫　03,113-113,碩博士研究生,碩博士研究生獎助學金,,,29624,,,29624
240,113,[4]碩博士研究生獎助學金-學研合作　04,113-113,碩博士研究生,碩博士研究生獎助學金,,,2300,,,2300
240,113,(2)5202402010數理科學研究,,,,,,47578,,,47578
240,113,[1]碩博士研究生獎助學金-數學研究　01,113-113,碩博士研究生,碩博士研究生獎助學金,,,960,,,960
240,113,[2]碩博士研究生獎助學金-物理研究　02,113-113,碩博士研究生,碩博士研究生獎助學金,,,2000,,,2000
240,113,[3]碩博士研究生獎助學金-化學研究　03,113-113,碩博士研究生,碩博士研究生獎助學金,,,6000,,,6000
240,113,[4]碩博士研究生獎助學金-資訊科學研究　04,113-113,碩博士研究生,碩博士研究生獎助學金,,,11026,,,11026
240,113,[5]碩博士研究生獎助學金-統計科學研究　05,113-113,碩博士研究生,碩博士研究生獎助學金,,,3300,,,3300
240,113,[6]碩博士研究生獎助學金-原子與分子科學研究　06,113-113,碩博士研究生,碩博士研究生獎助學金,,,3000,,,3000
240,113,[7]碩博士研究生獎助學金-天文及天文物理研究　07,113-113,碩博士研究生,碩博士研究生獎助學金,,,336,,,336
240,113,[8]碩博士研究生獎助學金-應用科學研究　08,113-113,碩博士研究生,碩博士研究生獎助學金,,,10000,,,10000
240,113,[9]碩博士研究生獎助學金-環境變遷研究　09,113-113,碩博士研究生,碩博士研究生獎助學金,,,2056,,,2056
240,113,[10]碩博士研究生獎助學金-資訊科技創新研究　10,113-113,碩博士研究生,碩博士研究生獎助學金,,,8900,,,8900
240,113,(3)5202402020生命科學研究,,,,,,62860,,,62860
240,113,[1]碩博士研究生獎助學金-植物暨微生物學研究　01,113-113,碩博士研究生,碩博士研究生獎助學金,,,4500,,,4500
240,113,[2]碩博士研究生獎助學金-細胞與個體生物學研究　02,113-113,碩博士研究生,碩博士研究生獎助學金,,,3500,,,3500
240,113,[3]碩博士研究生獎助學金-生物化學研究　03,113-113,碩博士研究生,碩博士研究生獎助學金,,,11000,,,11000
240,113,[4]碩博士研究生獎助學金-生物醫學科學研究　04,113-113,碩博士研究生,碩博士研究生獎助學金,,,13000,,,13000
240,113,[5]碩博士研究生獎助學金-分子生物研究　05,113-113,碩博士研究生,碩博士研究生獎助學金,,,8000,,,8000
240,113,[6]碩博士研究生獎助學金-農業生物科技研究　06,113-113,碩博士研究生,碩博士研究生獎助學金,,,5000,,,5000
240,113,[7]碩博士研究生獎助學金-臨海研究站　07,113-113,碩博士研究生,碩博士研究生獎助學金,,,660,,,660
240,113,[8]碩博士研究生獎助學金-生物多樣性研究計畫　08,113-113,碩博士研究生,碩博士研究生獎助學金,,,7200,,,7200
240,113,[9]碩博士研究生獎助學金-基因體研究計畫　09,113-113,碩博士研究生,碩博士研究生獎助學金,,,10000,,,10000
240,113,(4)5202402030人文及社會科學研究,,,,,,22542,,,22542
240,113,[1]碩博士研究生獎助學金-史學及考文研究　01,113-113,碩博士研究生,碩博士研究生獎助學金,,,5000,,,5000
240,113,[2]碩博士研究生獎助學金-民族學研究　02,113-113,碩博士研究生,碩博士研究生獎助學金,,,800,,,800
240,113,[3]碩博士研究生獎助學金-經濟研究　03,113-113,碩博士研究生,碩博士研究生獎助學金,,,1500,,,1500
240,113,[4]碩博士研究生獎助學金-台灣史研究　04,113-113,碩博士研究生,碩博士研究生獎助學金,,,2708,,,2708
240,113,[5]碩博士研究生獎助學金-社會學研究　05,113-113,碩博士研究生,碩博士研究生獎助學金,,,240,,,240
240,113,[6]碩博士研究生獎助學金-語言學研究　06,113-113,碩博士研究生,碩博士研究生獎助學金,,,1500,,,1500
240,113,[7]碩博士研究生獎助學金-政治學研究　07,113-113,碩博士研究生,碩博士研究生獎助學金,,,820,,,820
240,113,[8]碩博士研究生獎助學金-人文社會科學研究　08,113-113,碩博士研究生,碩博士研究生獎助學金,,,5000,,,5000
240,113,[9]碩博士研究生獎助學金-法律學研究　09,113-113,碩博士研究生,碩博士研究生獎助學金,,,2892,,,2892
240,113,[10]碩博士研究生獎助金-歐美研究　10,113-113,碩博士研究生,碩博士研究生獎助學金,,,432,,,432
240,113,[11]碩博士研究生獎助金-近代史研究　11,113-113,碩博士研究生,碩博士研究生獎助學金,,,1650,,,1650
240,113,(5)5202404000南部院區,,,,,,4000,,,4000
240,113,[1]碩博士研究生獎助學金-南部院區農業生技　01,113-113,碩博士研究生,碩博士研究生獎助學金,,,2500,,,2500
240,113,[2]碩博士研究生獎助學金-關鍵議題研究　02,113-113,碩博士研究生,碩博士研究生獎助學金,,,1500,,,1500
240,113,4075差額補貼,,,,,,70000,,,70000
240,113,(1)5202401010人力資源,,,,,,70000,,,70000
240,113,[1]退休人員優惠存款利息差額補貼　01,113-113,退休人員,退休人員優惠存款利息差額補貼,,,70000,,,70000
240,113,4085獎勵及慰問,,,,,,432,,,432
240,113,(1)5202400100一般行政,,,,,,432,,,432
240,113,[1]退休(職)人員三節慰問金　03,113-113,退休(職)人員及在職亡故人員遺族,退休(職)人員及在職亡故人員遺族等3節慰問金等,,,432,,,432
240,113,4090其他補助及捐助,,,,,,75000,,,75000
240,113,(1)5202401020學術研究與人才培育,,,,,,72600,,,72600
240,113,[1]獎勵年輕學者研究成果獎獎勵金　01,113-113,全國大學院校及國內公私立學術研究機構之相關人士,年輕學者研究成果獎獎勵金,,,4500,,,4500
240,113,[2]國內學人短期來院訪問獎助金　02,113-113,國內學人,獎勵國內學人來院從事短期訪問或參與研究工作給予補助,,,3700,,,3700
240,113,[3]人文及社會科學學術性專書獎獎勵金　03,113-113,國內專職從事人文社會科學研究或教學者,人文及社會科學學術性專書獎獎勵金,,,3000,,,3000
240,113,[4]關鍵突破種子計畫（含健康長壽大挑戰計畫）　04,113-113,補助計畫申請通過之人員,補助計畫申請通過之人員,,,12000,,,12000
240,113,[5]中研學者計畫　05,113-113,院外中研學者獲選者,中研學者執行計畫經費,,,49400,,,49400
240,113,(2)5202402030人文及社會科學研究,,,,,,2400,,,2400
240,113,[1]原住民訪問研究、部落服務獎助金-民族學研究　10,113-113,原住民,原住民訪問研究、部落服務獎助金,,,2400,,,2400
240,113,3.對國外之捐助,,,,,,13300,,,13300
240,113,4035對外之捐助,,,,,,13300,,,13300
240,113,(1)5202401020學術研究與人才培育,,,,,,13300,,,13300
240,113,[1]捐助世界科學院　01,113-113,"世界科學院 (TWAS)",參與發展中世界科學院協助發展中國家科學能力建構,,,1500,,,1500
240,113,[2]捐助國際科學理事會　02,113-113,國際科學理事會(ISC),國際科學理事會與本院合作在台北設立災害風險整合研究卓越中心，作為推動全球災害防治整合研究軸心之一，藉由與國際科學組織及災害研究相關自然暨社會科學領域學者的定期互訪、資訊交換及共同研究，增進全球災害研究與防治之成效，減輕自然災害對人類社會造成之威脅,,,10000,,,10000
240,113,[3]捐助國際人權網絡　03,113-113,國際人權網絡(HR),支援來自落後地區之國際人權網絡學者參與人權推動及提升事務,,,300,,,300
240,113,[4]合作計畫　04,113-113,歐洲分子生物聯盟,補助本院、國科會、歐洲分子生物組織(EMBO)及歐洲分子生物聯盟(EMBC)合作計畫,,,1500,,,1500
240,114,合計,,,,,,679203,,,679203
240,114,1.對團體之捐助,,,,,,12224,,,12224
240,114,4040對國內團體之捐助,,,,,,2824,,,2824
240,114,(1)5202401020學術研究與人才培育,,,,,,2824,,,2824
240,114,[1]捐助中華民國天文學會　01,114-114,中華民國天文學會,學會日常會務運作,,,20,,,20
240,114,[2]捐助國際毒物學聯合會中華民國委員會　02,114-114,國際毒物學聯合會中華民國委員會,學會日常會務運作,,,10,,,10
240,114,[3]捐助國際科學史與科學哲學聯合會科學史組中華民國委員會　03,114-114,國際科學史與科學哲學聯合會科學史組中華民國委員會,學會日常會務運作,,,20,,,20
240,114,[4]國際科學資料委員會中華民國委員會　04,114-114,國際科學資料委員會中華民國委員會,學會日常會務運作,,,20,,,20
240,114,[5]捐助國際無線電科學聯合會中華民國委員會　05,114-114,國際無線電科學聯合會中華民國委員會,學會日常會務運作,,,10,,,10
240,114,[6]捐助太平洋科學協會中華民國委員會　06,114-114,太平洋科學協會中華民國委員會,學會日常會務運作,,,15,,,15
240,114,[7]捐助臺灣生物化學及分子生物學學會　07,114-114,臺灣生物化學及分子生物學學會,學會日常會務運作,,,10,,,10
240,114,[8]捐助台灣社會學會　08,114-114,台灣社會學會,學會日常會務運作,,,10,,,10
240,114,[9]捐助國際環境科學委員會中華民國委員會　09,114-114,國際環境科學委員會中華民國委員會,學會日常會務運作,,,10,,,10
240,114,[10]捐助臺灣人類學與民族學學會　10,114-114,,學會日常會務運作,,,10,,,10
240,114,[11]參與國際組織活動　11,114-114,民間社團及有關人士,補助及協助國內學術團體繳交國際組織會費,,,2689,,,2689
240,114,4045對私校之獎助,,,,,,9400,,,9400
240,114,(1)5202401020學術研究與人才培育,,,,,,8900,,,8900
240,114,[1]中研學者計畫　01,114-114,中研學者獲選者及所屬私立學校,中研學者獲選者研究經費、所屬私立學校管理費及學校另聘教師授課鐘點費,,,8900,,,8900
240,114,(2)5202404000南部院區,,,,,,500,,,500
240,114,[1]關鍵議題研究　01,114-114,私立大學,補助所招募之私立大學合聘教授減授鐘點費,,,500,,,500
240,114,2.對個人之捐助,,,,,,637279,,,637279
240,114,4050對學生之獎助,,,,,,543423,,,543423
240,114,(1)5202401020學術研究與人才培育,,,,,,403155,,,403155
240,114,[1]碩博士研究生獎助學金-人才培育及延攬計畫　01,114-114,碩博士研究生,碩博士研究生獎助學金,,,280331,,,280331
240,114,[2]碩博士研究生獎助學金-跨領域開發及研究設施之改善　02,114-114,碩博士研究生,碩博士研究生獎助學金,,,84580,,,84580
240,114,[3]碩博士研究生獎助學金-任務型專案研究計畫　03,114-114,碩博士研究生,碩博士研究生獎助學金,,,36244,,,36244
240,114,[4]碩博士研究生獎助學金-學研合作　04,114-114,碩博士研究生,碩博士研究生獎助學金,,,2000,,,2000
240,114,(2)5202402010數理科學研究,,,,,,52052,,,52052
240,114,[1]碩博士研究生獎助學金-數學研究　01,114-114,碩博士研究生,碩博士研究生獎助學金,,,960,,,960
240,114,[2]碩博士研究生獎助學金-物理研究　02,114-114,碩博士研究生,碩博士研究生獎助學金,,,1600,,,1600
240,114,[3]碩博士研究生獎助學金-化學研究　03,114-114,碩博士研究生,碩博士研究生獎助學金,,,5500,,,5500
240,114,[4]碩博士研究生獎助學金-資訊科學研究　04,114-114,碩博士研究生,碩博士研究生獎助學金,,,13500,,,13500
240,114,[5]碩博士研究生獎助學金-統計科學研究　05,114-114,碩博士研究生,碩博士研究生獎助學金,,,3800,,,3800
240,114,[6]碩博士研究生獎助學金-原子與分子科學研究　06,114-114,碩博士研究生,碩博士研究生獎助學金,,,3400,,,3400
240,114,[7]碩博士研究生獎助學金-天文及天文物理研究　07,114-114,碩博士研究生,碩博士研究生獎助學金,,,336,,,336
240,114,[8]碩博士研究生獎助學金-應用科學研究　08,114-114,碩博士研究生,碩博士研究生獎助學金,,,12000,,,12000
240,114,[9]碩博士研究生獎助學金-環境變遷研究　09,114-114,碩博士研究生,碩博士研究生獎助學金,,,2056,,,2056
240,114,[10]碩博士研究生獎助學金-資訊科技創新研究　10,114-114,碩博士研究生,碩博士研究生獎助學金,,,8900,,,8900
240,114,(3)5202402020生命科學研究,,,,,,60060,,,60060
240,114,[1]碩博士研究生獎助學金-植物暨微生物學研究　01,114-114,碩博士研究生,碩博士研究生獎助學金,,,4500,,,4500
240,114,[2]碩博士研究生獎助學金-細胞與個體生物學研究　02,114-114,碩博士研究生,碩博士研究生獎助學金,,,3700,,,3700
240,114,[3]碩博士研究生獎助學金-生物化學研究　03,114-114,碩博士研究生,碩博士研究生獎助學金,,,12500,,,12500
240,114,[4]碩博士研究生獎助學金-生物醫學科學研究　04,114-114,碩博士研究生,碩博士研究生獎助學金,,,9000,,,9000
240,114,[5]碩博士研究生獎助學金-分子生物研究　05,114-114,碩博士研究生,碩博士研究生獎助學金,,,9500,,,9500
240,114,[6]碩博士研究生獎助學金-農業生物科技研究　06,114-114,碩博士研究生,碩博士研究生獎助學金,,,5000,,,5000
240,114,[7]碩博士研究生獎助學金-臨海研究站　07,114-114,碩博士研究生,碩博士研究生獎助學金,,,660,,,660
240,114,[8]碩博士研究生獎助學金-生物多樣性研究計畫　08,114-114,碩博士研究生,碩博士研究生獎助學金,,,6200,,,6200
240,114,[9]碩博士研究生獎助學金-基因體研究計畫　09,114-114,碩博士研究生,碩博士研究生獎助學金,,,9000,,,9000
240,114,(4)5202402030人文及社會科學研究,,,,,,23176,,,23176
240,114,[1]碩博士研究生獎助學金-史學及考文研究　01,114-114,碩博士研究生,碩博士研究生獎助學金,,,5000,,,5000
240,114,[2]碩博士研究生獎助學金-民族學研究　02,114-114,碩博士研究生,碩博士研究生獎助學金,,,1120,,,1120
240,114,[3]碩博士研究生獎助學金-經濟研究　03,114-114,碩博士研究生,碩博士研究生獎助學金,,,1200,,,1200
240,114,[4]碩博士研究生獎助學金-台灣史研究　04,114-114,碩博士研究生,碩博士研究生獎助學金,,,2588,,,2588
240,114,[5]碩博士研究生獎助學金-社會學研究　05,114-114,碩博士研究生,碩博士研究生獎助學金,,,480,,,480
240,114,[6]碩博士研究生獎助學金-語言學研究　06,114-114,碩博士研究生,碩博士研究生獎助學金,,,1874,,,1874
240,114,[7]碩博士研究生獎助學金-政治學研究　07,114-114,碩博士研究生,碩博士研究生獎助學金,,,820,,,820
240,114,[8]碩博士研究生獎助學金-人文社會科學研究　08,114-114,碩博士研究生,碩博士研究生獎助學金,,,5000,,,5000
240,114,[9]碩博士研究生獎助學金-法律學研究　09,114-114,碩博士研究生,碩博士研究生獎助學金,,,3012,,,3012
240,114,[10]碩博士研究生獎助金-歐美研究　10,114-114,碩博士研究生,碩博士研究生獎助學金,,,432,,,432
240,114,[11]碩博士研究生獎助金-近代史研究　11,114-114,碩博士研究生,碩博士研究生獎助學金,,,1650,,,1650
240,114,(5)5202404000南部院區,,,,,,4980,,,4980
240,114,[1]碩博士研究生獎助學金-南部院區農業生技　01,114-114,碩博士研究生,碩博士研究生獎助學金,,,3000,,,3000
240,114,[2]碩博士研究生獎助學金-關鍵議題研究　02,114-114,碩博士研究生,碩博士研究生獎助學金,,,1980,,,1980
240,114,4075差額補貼,,,,,,70000,,,70000
240,114,(1)5202401010人力資源,,,,,,70000,,,70000
240,114,[1]退休人員優惠存款利息差額補貼　01,114-114,退休人員,退休人員優惠存款利息差額補貼,,,70000,,,70000
240,114,4085獎勵及慰問,,,,,,456,,,456
240,114,(1)5202400100一般行政,,,,,,456,,,456
240,114,[1]退休(職)人員三節慰問金　01,114-114,退休(職)人員及在職亡故人員遺族,退休(職)人員及在職亡故人員遺族等3節慰問金等,,,456,,,456
240,114,4090其他補助及捐助,,,,,,23400,,,23400
240,114,(1)5202401020學術研究與人才培育,,,,,,21000,,,21000
240,114,[1]獎勵年輕學者研究成果獎獎勵金　01,114-114,全國大學院校及國內公私立學術研究機構之相關人士,年輕學者研究成果獎獎勵金,,,4800,,,4800
240,114,[2]國內學人短期來院訪問獎助金　02,114-114,國內學人,獎勵國內學人來院從事短期訪問或參與研究工作給予補助,,,3200,,,3200
240,114,[3]人文及社會科學學術性專書獎獎勵金　03,114-114,國內專職從事人文社會科學研究或教學者,人文及社會科學學術性專書獎獎勵金,,,3000,,,3000
240,114,[4]關鍵突破種子計畫（含健康長壽大挑戰計畫）　04,114-114,健康長壽大挑戰計畫主持人,健康長壽大挑戰計畫,,,10000,,,10000
240,114,(2)5202402030人文及社會科學研究,,,,,,2400,,,2400
240,114,[1]原住民訪問研究、部落服務獎助金-民族學研究　10,114-114,原住民,原住民訪問研究、部落服務獎助金,,,2400,,,2400
240,114,3.對國外之捐助,,,,,,29700,,,29700
240,114,4035對外之捐助,,,,,,29700,,,29700
240,114,(1)5202401020學術研究與人才培育,,,,,,28600,,,28600
240,114,[1]捐助世界科學院　01,114-114,世界科學院(TWAS),參與發展中世界科學院協助發展中國家科學能力建構,,,1500,,,1500
240,114,[2]捐助國際科學理事會　02,114-114,國際科學理事會(ISC),國際科學理事會與本院合作在台北設立災害風險整合研究卓越中心，作為推動全球災害防治整合研究軸心之一，藉由與國際科學組織及災害研究相關自然暨社會科學領域學者的定期互訪、資訊交換及共同研究，增進全球災害研究與防治之成效，減輕自然災害對人類社會造成之威脅,,,10000,,,10000
240,114,[3]捐助國際人權網絡　03,114-114,國際人權網絡(HR),支援來自落後地區之國際人權網絡學者參與人權推動及提升事務,,,300,,,300
240,114,[4]合作計畫　04,114-114,歐洲分子生物聯盟,補助本院、國科會、歐洲分子生物組織(EMBO)及歐洲分子生物聯盟(EMBC)合作計畫,,,5250,,,5250
240,114,[5]捐助世界和平基金會　05,114-114,"世界和平基金會(International Peace Foundation)","捐助該基金會辦理「Taiwan Bridge」計畫，邀請7位諾貝爾講得主於2025年11月至2026年4月間來本院演講、訪問。",,,11550,,,11550
240,114,(2)5202402010數理科學研究,,,,,,1100,,,1100
240,114,[1]捐助歐洲原子和分子計算中心　01,114-114,歐洲原子和分子計算中心,"捐助歐洲原子和分子計算中心(Centre Européen de Calcul Atomique et Moléculaire，CECAM)會費",,,1100,,,1100
301,113,合計,,,,,2154,1470,,,3624
301,113,1.對團體之捐助,,,,,2154,1000,,,3154
301,113,4040對國內團體之捐助,,,,,2154,,,,2154
301,113,(1)3203011900災害防救及國土安全,,,,,1200,,,,1200
301,113,[1]災害防救業務合作計畫　02,113-113,行政法人國家災害防救科技中心,"
1.國內外天然災害事件蒐整、分析、撰寫：災防週報、災害防救白皮書(分工)、天然災害紀實彙整。
2.協助災害管理業務與災害防救任務之推動：協助演習及訪評；災害事件現訪、會議、諮詢及建議；災害研判前置會議、災後相關傳遞通報事項；辦理跨部會情資研判研習；情資研判作業年度作為專案研析及報告；協助空間情報任務小組運作。
3.雙方合議之災害防救業務活動：協助災害防救年終研討會；協助災防告警細胞廣播訊息年度策進會議之維運管理報告；協助國家防災日演習活動；協助大規模地震情境模擬；其他雙方合議之災害防救活動。",,1200,,,,1200
301,113,(2)3203012200消保及食安業務,,,,,954,,,,954
301,113,[1]保護消費者權益及相關事務　03,113-113,民間團體,捐助民間團體辦理有關保護消費者權益及相關事務經費。,,954,,,,954
301,113,4085獎勵及慰問,,,,,,1000,,,1000
301,113,(1)3203012200消保及食安業務,,,,,,1000,,,1000
301,113,[1]獎勵優良消費者保護團體　04,113-113,消費者保護團體,獎勵評定為績優之消費者保護團體及辦理消費者保護工作成效顯著之消費者保護團體。,,,1000,,,1000
301,113,2.對個人之捐助,,,,,,470,,,470
301,113,4085獎勵及慰問,,,,,,450,,,450
301,113,(1)3203010100一般行政,,,,,,450,,,450
301,113,[1]退休(職)人員三節慰問金　01,113-113,退休(職)人員,退休(職)人員三節慰問金。,,,450,,,450
301,113,4090其他補助及捐助,,,,,,20,,,20
301,113,(1)3203012400新聞傳播業務,,,,,,20,,,20
301,113,[1]新聞媒體從業人員慰問金　05,113-113,新聞媒體從業人員,從事採訪工作發生意外事故導致傷亡或罹患疾病之新聞從業人員慰問金。,,,20,,,20
301,114,合計,,,,,2046,1470,,,3516
301,114,1.對團體之捐助,,,,,2046,1000,,,3046
301,114,4040對國內團體之捐助,,,,,2046,,,,2046
301,114,(1)3203011900災害防救及國土安全,,,,,1140,,,,1140
301,114,[1]災害防救業務合作計畫　01,114-114,行政法人國家災害防救科技中心,"
1.國內外天然災害事件蒐整、分析、撰寫：災防週報、災害防救白皮書(分工)、天然災害紀實彙整。
2.協助災害管理業務與災害防救任務之推動：協助演習及訪評；災害事件現訪、會議、諮詢及建議；災害研判前置會議、災後相關傳遞通報事項；辦理跨部會情資研判研習；情資研判作業專案研析及報告；協助空間情報任務小組運作。
3.雙方合議之災害防救業務活動：協助災害防救年終研討會；協助災防告警細胞廣播訊息年度策進會議之維運管理報告；協助國家防災日演習活動；協助大規模地震情境模擬；其他雙方合議之災害防救活動。",,1140,,,,1140
301,114,(2)3203012200消保及食安業務,,,,,906,,,,906
301,114,[1]保護消費者權益及相關事務　02,114-114,民間團體,捐助民間團體辦理有關保護消費者權益及相關事務經費。,,906,,,,906
301,114,4085獎勵及慰問,,,,,,1000,,,1000
301,114,(1)3203012200消保及食安業務,,,,,,1000,,,1000
301,114,[1]獎勵優良消費者保護團體　03,114-114,消費者保護團體,獎勵評定為績優之消費者保護團體及辦理消費者保護工作成效顯著之消費者保護團體。,,,1000,,,1000
301,114,2.對個人之捐助,,,,,,470,,,470
301,114,4085獎勵及慰問,,,,,,450,,,450
301,114,(1)3203010100一般行政,,,,,,450,,,450
301,114,[1]退休(職)人員三節慰問金　04,114-114,退休(職)人員,退休(職)人員三節慰問金。,,,450,,,450
301,114,4090其他補助及捐助,,,,,,20,,,20
301,114,(1)3203012400新聞傳播業務,,,,,,20,,,20
301,114,[1]新聞媒體從業人員慰問金　05,114-114,新聞媒體從業人員,從事採訪工作發生意外事故導致傷亡或罹患疾病之新聞從業人員慰問金。,,,20,,,20
401,113,合計,,,,,,15699,,,15699
401,113,1.對團體之捐助,,,,,,13560,,,13560
401,113,4040對國內團體之捐助,,,,,,13560,,,13560
401,113,(1)3304010700黨團補助,,,,,,13560,,,13560
401,113,[1]對國會各政黨黨團運作經費捐助計畫　01,經常性,各黨(政)團,國會各黨(政)團運作相關經費,,,13560,,,13560
401,113,2.對個人之捐助,,,,,,2139,,,2139
401,113,4050對學生之獎助,,,,,,588,,,588
401,113,(1)3304010100一般行政,,,,,,288,,,288
401,113,[1]對博碩士論文之獎助　02,113-113,國內各大學院校博碩士生,從事國會領域研究博碩士論文,,,288,,,288
401,113,(2)3304010500國會圖書業務,,,,,,300,,,300
401,113,[1]對博碩士論文之獎助　03,113-113,國內各大學院校博碩士生,從事臺灣民主發展史領域研究博碩士論文,,,300,,,300
401,113,4085獎勵及慰問,,,,,,1551,,,1551
401,113,(1)3304010100一般行政,,,,,,1551,,,1551
401,113,[1]退休人員三節慰問金　04,經常性,退休職工,退休人員三節慰問金及年節特別照護金,,,1551,,,1551
401,114,合計,,,,,,15855,,,15855
401,114,1.對團體之捐助,,,,,,13560,,,13560
401,114,4040對國內團體之捐助,,,,,,13560,,,13560
401,114,(1)3304010700黨團補助,,,,,,13560,,,13560
401,114,[1]對國會各政黨黨團運作經費捐助計畫　01,經常性,各黨(政)團,國會各黨(政)團運作相關經費,,,13560,,,13560
401,114,2.對個人之捐助,,,,,,2295,,,2295
401,114,4050對學生之獎助,,,,,,588,,,588
401,114,(1)3304010100一般行政,,,,,,288,,,288
401,114,[1]對博碩士論文之獎助　02,114-114,國內各大學院校博碩士生,從事國會領域研究博碩士論文,,,288,,,288
401,114,(2)3304010500國會圖書業務,,,,,,300,,,300
401,114,[1]對博碩士論文之獎助　03,114-114,國內各大學院校博碩士生,從事臺灣民主發展史領域研究博碩士論文,,,300,,,300
401,114,4085獎勵及慰問,,,,,,1707,,,1707
401,114,(1)3304010100一般行政,,,,,,1707,,,1707
401,114,[1]退休人員三節慰問金　04,經常性,退休職工,退休人員三節慰問金及年節特別照護金,,,1707,,,1707
501,113,合計,,,,378099,1035757,542,,44227,1458625
501,113,1.對團體之捐助,,,,378099,1035757,,,44227,1458083
501,113,4040對國內團體之捐助,,,,378099,1035757,,,44227,1458083
501,113,(1)3405011300審判行政,,,,32971,3699,,,533,37203
501,113,[1]捐助全國及地區公證人公會　01,113-113,全國及地區公證人公會,捐助該會業務運作經費。,,275,,,533,808
501,113,[2]捐助中華民國公證學會　02,113-113,中華民國公證學會,捐助該會相關業務運作，參與國際會議或相互交流經費。,,85,,,,85
501,113,[3]捐助臺灣行政法學會　03,113-113,臺灣行政法學會,捐助該會業務運作經費。,,88,,,,88
501,113,[4]捐助協助法院辦理安置輔導業務機構　04,113-113,民間安置輔導機構,捐助協助法院辦理安置輔導業務機構經費。,,1155,,,,1155
501,113,[5]補(捐)助駐法院家事服務中心民間團體經費　05,113-113,受直轄市、縣(市)主管機關委託之民間團體,專案服務、諮詢、關懷服務、督導、訓練等。,32971,2096,,,,35067
501,113,(2)3405011700司法業務規劃研考,,,,,1469,,,700,2169
501,113,[1]捐助兩岸法學學術交流相關活動　01,113-113,財團法人或學術機構,捐助兩岸法學學術交流相關活動等經費。,,41,,,,41
501,113,[2]捐助中華民國法官協會各項會務　02,113-113,中華民國法官協會,捐助該協會一般性業務經費等。,,391,,,,391
501,113,[3]捐助中華民國法官協會出版雜誌月刊　03,113-113,中華民國法官協會,捐助該協會編印法官協會雜誌月刊經費。,,112,,,,112
501,113,[4]捐助中華民國女法官協會各項會務　04,113-113,中華民國女法官協會,捐助該協會一般性業務經費等。,,347,,,700,1047
501,113,[5]捐助律師訓練　05,113-113,全國律師聯合會,捐助辦理律師職前訓練等經費。,,352,,,,352
501,113,[6]捐助中華民國台灣法曹協會各項會務　06,113-113,中華民國台灣法曹協會,捐助該協會辦理座談會、印製期刊、論文等經費。,,62,,,,62
501,113,[7]捐助中華人權協會　07,113-113,中華人權協會,捐助辦理與司法人權有關之學術研討會等經費。,,39,,,,39
501,113,[8]捐助中華民國憲法學會　08,113-113,中華民國憲法學會,捐助該會「憲政時代」印刷等經費。,,66,,,,66
501,113,[9]捐助中華法學會各項會務　09,113-113,中華法學會,捐助各項會務等經費。,,59,,,,59
501,113,(3)6305011900對財團法人法律扶助基金會捐助,,,,345128,1030589,,,42994,1418711
501,113,[1]捐助法律扶助基金會基金　01,113-113,財團法人法律扶助基金會,捐助法律扶助基金會基金。,,,,,10000,10000
501,113,[2]捐助法律扶助基金會業務運作　02,113-113,財團法人法律扶助基金會,"捐助法律扶助基金會業務運作需求經費(含媒體政策及業務宣導2,550千元)。::",345128,1030589,,,32994,1408711
501,113,2.對個人之捐助,,,,,,542,,,542
501,113,4085獎勵及慰問,,,,,,542,,,542
501,113,(1)3405010100一般行政,,,,,,146,,,146
501,113,[1]檢舉破案獎金　01,113-113,個人,依據「獎勵檢舉破壞司法信譽案件實施要點」，對檢舉破壞司法案件者(並判決有罪確定)支付獎金。,,,146,,,146
501,113,(2)3405010100一般行政,,,,,,396,,,396
501,113,[1]退休退職人員三節慰問金　01,113-113,個人,對退休退職人員支付三節慰問金。,,,396,,,396
501,114,合計,,,,422423,1099867,572,,36803,1559665
501,114,1.對團體之捐助,,,,422423,1099867,,,36803,1559093
501,114,4040對國內團體之捐助,,,,422423,1099867,,,36803,1559093
501,114,(1)3405011300審判行政,,,,32971,3738,,,,36709
501,114,[1]捐助全國及地區公證人公會　01,114-114,全國及地區公證人公會,捐助該會業務運作經費。,,290,,,,290
501,114,[2]捐助中華民國公證學會　02,114-114,中華民國公證學會,捐助該會相關業務運作，參與國際會議或相互交流經費。,,105,,,,105
501,114,[3]捐助臺灣行政法學會　03,114-114,臺灣行政法學會,捐助該會業務運作經費。,,93,,,,93
501,114,[4]捐助協助法院辦理安置輔導業務機構　04,114-114,民間安置輔導機構,捐助協助法院辦理安置輔導業務機構經費。,,1154,,,,1154
501,114,[5]補(捐)助駐法院家事服務中心民間團體經費　05,114-114,受直轄市、縣(市)主管機關委託之民間團體,專案服務、諮詢、關懷服務、督導、訓練等。,32971,2096,,,,35067
501,114,(2)3405011700司法業務規劃研考,,,,,1662,,,,1662
501,114,[1]捐助兩岸法學學術交流相關活動　01,114-114,財團法人或學術機構,捐助兩岸法學學術交流相關活動等經費。,,41,,,,41
501,114,[2]捐助中華民國法官協會各項會務　02,114-114,中華民國法官協會,捐助該協會一般性業務經費等。,,412,,,,412
501,114,[3]捐助中華民國法官協會出版雜誌月刊　03,114-114,中華民國法官協會,捐助該協會編印法官協會雜誌月刊經費。,,118,,,,118
501,114,[4]捐助中華民國女法官協會各項會務　04,114-114,中華民國女法官協會,捐助該協會一般性業務經費等。,,466,,,,466
501,114,[5]捐助律師訓練　05,114-114,全國律師聯合會,捐助辦理律師職前訓練等經費。,,390,,,,390
501,114,[6]捐助中華民國台灣法曹協會各項會務　06,114-114,中華民國台灣法曹協會,捐助該協會辦理座談會、印製期刊、論文等經費。,,62,,,,62
501,114,[7]捐助中華人權協會　07,114-114,中華人權協會,捐助辦理與司法人權有關之學術研討會等經費。,,41,,,,41
501,114,[8]捐助中華民國憲法學會　08,114-114,中華民國憲法學會,捐助該會「憲政時代」印刷等經費。,,70,,,,70
501,114,[9]捐助中華法學會各項會務　09,114-114,中華法學會,捐助各項會務等經費。,,62,,,,62
501,114,(3)6305011900對財團法人法律扶助基金會捐助,,,,389452,1094467,,,36803,1520722
501,114,[1]捐助法律扶助基金會基金　01,114-114,財團法人法律扶助基金會,捐助法律扶助基金會基金。,,,,,5000,5000
501,114,[2]捐助法律扶助基金會業務運作　02,114-114,財團法人法律扶助基金會,"捐助法律扶助基金會業務運作需求經費(含媒體政策及業務宣導1,600千元)。::",389452,1094467,,,31803,1515722
501,114,2.對個人之捐助,,,,,,572,,,572
501,114,4085獎勵及慰問,,,,,,572,,,572
501,114,(1)3405010100一般行政,,,,,,146,,,146
501,114,[1]檢舉破案獎金　01,114-114,個人,依據「獎勵檢舉破壞司法信譽案件實施要點」，對檢舉破壞司法案件者(並判決有罪確定)支付獎金。,,,146,,,146
501,114,(2)3405010100一般行政,,,,,,426,,,426
501,114,[1]退休退職人員三節慰問金　01,114-114,個人,對退休退職人員支付三節慰問金。,,,426,,,426
2001,113,合計,,,,20776170,5214586,41994646,,5038671,73024073
2001,113,1.對團體之捐助,,,,19664768,4290586,8996930,,5038671,37990955
2001,113,4040對國內團體之捐助,,,,44336,238547,214486,,52361,549730
2001,113,(1)5120010100一般行政,,,,,1058,,,,1058
2001,113,[1]學校衛生保健活動　01,113-113,民間團體,辦理性教育、健康促進及校園慢性病防治衛生教育等學校衛生保健活動。,,257,,,,257
2001,113,[2]辦理原住民族教育　03,113-113,民間團體,辦理原住民族教育相關活動。,,500,,,,500
2001,113,[3]補助公務人員協會　06,113-113,公務人員協會,補助公務人員協會運作。,,45,,,,45
2001,113,[4]113年統計學術研討會　07,113-113,中國統計學社,113年統計學術研討會經費。,,256,,,,256
2001,113,(2)5120010201高等教育行政及督導,,,,43331,79932,,,11198,134461
2001,113,[1]推動及改進大學招生制度　02,113-113,財團法人大學入學考試中心基金會等,"
1.改進多元入學制度、建立電腦題庫改進試務技術、推動招考技術相關研究及新方案宣導說明。
2.辦理海外僑生（含港澳生）招生試務工作。",10093,61177,,,10048,81318
2001,113,[2]推動大學評鑑制度　05,113-113,財團法人高等教育評鑑中心基金會等,"
1.補助高教評鑑中心運作所需經費。
2.補助高等教育評鑑中心建立大學評鑑指標、建置大學暨技專校院評鑑人才資料庫、蒐集先進國家高等教育評鑑訊息及推動高等教育評鑑國際交流等。",33238,18755,,,1150,53143
2001,113,(3)5120010201高等教育行政及督導,,,,,350,,,,350
2001,113,[1]推動及改進大學招生制度　02,113-113,大學海外聯合招生委員會,辦理海外僑生（含港澳生）招生宣導工作。,,350,,,,350
2001,113,(4)5120010202技術職業教育行政及督導,,,,,,171837,,4721,176558
2001,113,[1]補助技專校院招生策進總會、入學測驗中心及招生委員會等　01,113-113,民間團體,規劃改進技專校院考招分離招生制度，推動多元入學方案。,,,171837,,4721,176558
2001,113,(5)5120010202技術職業教育行政及督導,,,,,,714,,,714
2001,113,[1]補助技專校院招生策進總會等辦理入學宣導　01,113-113,民間團體,辦理入學方案宣導。,,,714,,,714
2001,113,(6)5120010204私立學校教學獎助,,,,505,397,,,21294,22196
2001,113,[1]輔導私立大專校院整體發展獎助　01,113-113,財團法人私立學校興學基金會,補助財團法人私立學校興學基金會依法運作並統籌辦理民間對私校捐贈事宜，以促進私校發展。,505,397,,,,902
2001,113,[2]補助私立大專校院學生就學貸款利息　05,113-113,財團法人中小企業信用保證基金,撥付財團法人中小企業信用保證基金，協助中低收入戶家庭子女就學。,,,,,21294,21294
2001,113,(7)5120010301師資培育與藝術教育行政及督導,,,,,780,31655,,,32435
2001,113,[1]推行藝術教育　01,113-113,民間團體,辦理藝術教育活動。,,,23882,,,23882
2001,113,[2]推動教師專業發展　05,113-113,民間團體,"
1.辦理教師專業發展活動。
2.辦理教師專業發展活動宣導。",,780,7773,,,8553
2001,113,(8)5120010501終身教育行政及督導,,,,,750,,,,750
2001,113,[1]推動終身教育及學習網絡　01,113-113,企業,補助製播及推動終身學習節目，增進多元學習機會。,,750,,,,750
2001,113,(9)5120010501終身教育行政及督導,,,,,35205,,,,35205
2001,113,[1]推動終身教育及學習網絡　01,113-113,國內民間團體及財團法人,加強民間團體推動終身教育功能及辦理地方社教活動。,,18905,,,,18905
2001,113,[2]推動社區教育　02,113-113,國內民間團體及財團法人,加強民間團體推動社區教育。,,300,,,,300
2001,113,[3]推行家庭教育　03,113-113,國內民間團體及財團法人,結合民間團體辦理家庭教育、新住民教育輔導活動及推動社區性別平等教育。,,1000,,,,1000
2001,113,[4]推動高齡教育　04,113-113,國內民間團體及財團法人,結合民間團體辦理高齡教育及樂齡學習活動。,,661,,,,661
2001,113,[5]輔導教育基金會之相關業務　05,113-113,國內民間團體及財團法人,補助教育基金會辦理終身學習活動等。,,11839,,,,11839
2001,113,[6]本國語言文字標準訂定與推廣　06,113-113,國內民間團體及財團法人,補助民間團體辦理本國語文相關教育活動。,,2500,,,,2500
2001,113,(10)5120010701學生事務與特殊教育行政及督導,,,,500,12609,391,,,13500
2001,113,[1]學生事務行政及督導　01,113-113,民間團體,"
1.辦理大專校院學生人權法治教育、品德教育及正向管教。
2.辦理大專校院社團服務志工。",,1663,,,,1663
2001,113,[2]性別平等教育　03,113-113,民間團體,推動性別平等教育工作。,,308,,,,308
2001,113,[3]校園安全維護與防制學生藥物濫用　04,113-113,民間團體,"
1.防災教育推廣。
2.防制毒品教育推廣。",,7713,,,,7713
2001,113,[4]發展與改進大專校院特殊教育　06,113-113,民間團體,補助民間團體推展特殊教育活動。,500,1500,391,,,2391
2001,113,[5]推動學生輔導工作　07,113-113,民間團體,推動學生輔導工作。,,1425,,,,1425
2001,113,(11)5120010904資訊與科技教育行政及督導,,,,,64261,8898,,14248,87407
2001,113,[1]環境教育推廣活動計畫　01,113-113,民間團體,推動環境教育、永續發展之相關環境計畫及環境教育科技研究。,,,3720,,,3720
2001,113,[2]補助台灣鑑識協會辦理研討會　03-1,113-113,民間團體,台灣鑑識協會研討會。,,,48,,,48
2001,113,[3]2024第29屆大專校院資訊應用服務創新競賽　03-2,113-113,民間團體,2024第29屆大專校院資訊應用服務創新競賽。,,,4538,,,4538
2001,113,[4]2024青年程式設計競賽　03-3,113-113,民間團體,2024青年程式設計競賽。,,,592,,,592
2001,113,[5]補助民間團體及財團法人開發中小學教師教學所需之數位內容　05-1,113-113,民間團體及財團法人,補助民間團體及財團法人開發生動活潑之數位內容，提供中小學教師實施多元教學模式。,,39291,,,14248,53539
2001,113,[6]補助民間非營利組織推廣家長運用資訊工具與資源導入　05-2,113-113,民間團體,培訓家長操作及運用數位學習平臺，透過家庭教育與學校教育的連結，協助學生進行有效能的學習及提升學習動機。,,7750,,,,7750
2001,113,[7]補助民間非營利組織辦理跨縣市跨領域教師數位學習增能與交流活動　05-3,113-113,民間團體,規劃辦理不同地區、專業領域之教師與社群分享數位學習推動與科技領導經驗，凝聚教師共識，擴大資訊科技融入教學之影響力。,,5870,,,,5870
2001,113,[8]結合民間非營利組織宣導數位科技應用及資訊素養推廣活動　05-4,113-113,民間團體,補助民間非營利組織辦理數位科技應用及資訊倫理與安全健康上網等相關宣導活動。,,1850,,,,1850
2001,113,[9]偏鄉數位應用在地特色推廣　06,113-113,民間團體及財團法人,推動偏鄉民眾數位應用學習及特色成果。,,6650,,,,6650
2001,113,[10]大學數位學習品質提升相關機制經費　07,113-113,民間團體,補助臺灣開放式課程聯盟，推動開放式課程。,,2850,,,,2850
2001,113,(12)5120010908國際及兩岸教育交流,,,,,39884,991,,900,41775
2001,113,[1]補助參與國際會議活動　01-4,113-113,國內教育團體,補助國際組織會費。,,60,,,,60
2001,113,[2]辦理促進華語文教育產業發展合作相關事宜　03-2,113-113,民間團體,補助機票、研討會、活動及辦理華語教育資源整合交流行銷經費等。,,29600,,,500,30100
2001,113,[3]辦理擴大招收國際學生，推動新南向政策相關事務　05,113-113,財團法人高等教育國際合作基金會,辦理境外臺灣教育展、參加國際教育者年會及留學臺灣資訊行銷。,,10224,,,400,10624
2001,113,[4]辦理港澳及兩岸教育相關事務　06,113-113,學術教育藝文團體、海基會、大考中心等,辦理兩岸（含港澳）學術會議、文教活動及設置大學學測與高中英聽測驗大陸考場。,,,991,,,991
2001,113,(13)5120010908國際及兩岸教育交流,,,,,3321,,,,3321
2001,113,[1]辦理推廣臺灣華語教育媒體宣傳工作　03,113-113,華語相關學會或協會、基金會等,辦理推廣臺灣華語教育媒體宣傳工作。,,1187,,,,1187
2001,113,[2]辦理留學臺灣媒體宣傳工作　05,113-113,財團法人高等教育國際合作基金會,辦理留學臺灣相關資訊行銷宣傳。,,2134,,,,2134
2001,113,4045對私校之獎助,,,,9146377,4052039,8782444,,4986310,26967170
2001,113,(1)5120010100一般行政,,,,116600,77258,,,1200,195058
2001,113,[1]大專校院健康促進學校計畫　04,113-113,私立學校,辦理校園學生健康促進活動、校園傳染病衛生教育活動及充實健康中心設備。,,14258,,,1200,15458
2001,113,[2]補助大專校院原資中心及區域原資中心相關計畫　05,113-113,私立學校,補助大專校院原住民族學生資源中心及區域原資中心相關計畫。,74900,63000,,,,137900
2001,113,[3]補助轄管公私立大專校院提繳未具本職兼任教師之勞工退休金　10,113-113,私立大專校院,補助轄管私立大專校院依專科以上學校兼任教師聘任辦法第20條規定，提繳未具本職兼任教師之勞工退休金所需經費。,41700,,,,,41700
2001,113,(2)5120010201高等教育行政及督導,,,,1100146,2911364,,,993252,5004762
2001,113,[1]學術審議著作審查、設置國家講座與學術獎及改善高教人才斷層　01,113-113,私立大學校院,"
1.國家講座教學研究經費。
2.補助學校推動教師多元升等分流機制。
3.辦理因應高教人才斷層—提升教研人員待遇計畫經費。",70400,160000,,,15500,245900
2001,113,[2]推動及改進大學招生制度　02,113-113,私立大學校院,推動多元入學方案、建立電腦題庫改進試務技術、推動招考技術相關研究及新方案宣導說明、推動高中銜接大學課程及學習歷程檔案資料庫建置等。,33896,98578,,,35633,168107
2001,113,[3]強化人才培育及產學合作機制　03,113-113,私立大學校院,補助推動跨校級創新研發、建構創新創業生態環境、推動國際共同人才培育計畫、產學合作培育博士級研發人才、產業碩士專班、優秀資安師資，以及執行成立太空系統工程研究所等。,63000,110907,,,14622,188529
2001,113,[4]改善教學研究環境及提升高等教育行政服務品質　04,113-113,私立大學校院,補助私立大學辦理宿舍改善、教學助理全面納保及衍生身心障礙者與原住民族雇用所需相關經費。,,139020,,,286950,425970
2001,113,[5]引導學校多元發展及提升教學品質　06,113-113,私立大學校院,推動高教深耕計畫、新南向政策相關方案、大學校院延攬頂尖人才計畫等。,932850,2402859,,,640547,3976256
2001,113,(3)5120010202技術職業教育行政及督導,,,,,,3424268,,577208,4001476
2001,113,[1]辦理技職推廣、招生等業務以強化技職教育學制及特色　01,113-113,私立技專校院,提升技職教育辦學水準，推廣技職教育理念，並辦理原住民族技職教育推展。,,,112900,,3897,116797
2001,113,[2]推動產業學院計畫　03,113-113,私立技專校院,鼓勵技專校院辦理契合式人才培育學程。,,,90515,,1000,91515
2001,113,[3]促進技職校院國際合作交流與加強學生外語能力　04-1,113-113,私立技專校院,促進技專校院國際合作交流與加強學生外語能力。,,,715486,,42100,757586
2001,113,[4]補助技專校院獎助生保險所需費用　04-2,113-113,私立技專校院,補助技專校院獎助生保險所需費用。,,,60500,,,60500
2001,113,[5]引導技專校院推動以學生為主體之教學創新　05,113-113,私立技專校院,補助技專校院進行教學創新及發展辦學特色、在地連結及照顧弱勢學生。,,,2444867,,530211,2975078
2001,113,(4)5120010204私立學校教學獎助,,,,7722631,475211,5010950,,3215856,16424648
2001,113,[1]輔導私立大專校院整體發展獎助　01,113-113,私立大專校院,"
1.協助私立大專校院整體校務發展及有關政策之執行。
2.私立大專校院績效型獎補助經費。
3.私立大專校院建置基地補助經費。",,,4989397,,3168995,8158392
2001,113,[2]私立大專校院輔導學生事務工作　02,113-113,私立大專校院,獎補助私立大專校院推動學生事務及輔導工作。,,435475,,,15000,450475
2001,113,[3]補助私立大專校院建築貸款利息　03,113-113,私立大專校院,"
1.補助91至107年度核准之私立大專校院興建之學生宿舍等建築貸款利息。
2.私立大專校院興建教學大樓及學生宿舍貸款利息補助。",,,15053,,,15053
2001,113,[4]補助私立學校教職員退撫經費及保險費　06,113-113,私立學校,"
1.依公教人員保險法規定，補助私立學校教職員參加公保政府負擔之保險費及公保養老給付超額年金（含補助各私立大專校院參與臺灣銀行公教保險部代發超額年金服務之入帳手續費）。
2.依全民健康保險法規定，補助私立學校教職員參加全民健保政府負擔之保險費。
3.依學校法人及其所屬私立學校教職員退休撫卹離職資遣條例規定，補助私立學校教職員參加私立學校退撫新制之提撥費用、法定收益差額、新舊制差額及辦理私校退撫新制業務與人力等經費。 
4.依學校法人及其所屬私立學校教職員退休撫卹離職資遣條例規定，編列原私校退撫基金不足（私立專科以上學校部分）經費。",5594616,,,,,5594616
2001,113,[5]私立學校軍訓教官與護理教師待遇及進用學輔人力　08,113-113,私立學校,私立學校軍訓教官與護理教師待遇及進用輔導人力經費。,2128015,,,,,2128015
2001,113,[6]輔導海外臺灣學校及大陸地區臺商學校整體發展　09,113-113,海外臺灣學校及大陸地區臺商學校,"
1.補助海外臺灣學校教學設備、活動及補充教材等。
2.補助大陸地區臺商學校軟體設備及師生進修研習等。",,39736,6500,,31861,78097
2001,113,(5)5120010301師資培育與藝術教育行政及督導,,,,,1920,26550,,3300,31770
2001,113,[1]推行藝術教育　01,113-113,私立學校,辦理藝術教育活動。,,,500,,,500
2001,113,[2]師資職前培育　03,113-113,私立大學,"
1.發展精緻師資培育大學、強化教學活動及充實教學設施。
2.推動教育史懷哲計畫，涵養師資生服務精神。
3.辦理師資培育課程規劃與專業審查。
4.配合先檢定後實習之相關措施。",,,20050,,3300,23350
2001,113,[3]教師資格檢定及課程認定　04,113-113,私立大學,"
1.補助師資培育大學落實教育實習輔導工作。
2.補助師資培育大學辦理學術研討會。",,420,6000,,,6420
2001,113,[4]推動教師專業發展　05,113-113,私立大學,"
1.師資培育大學辦理教師增能活動。
2.師資培育大學落實地方教育輔導工作。",,1500,,,,1500
2001,113,(6)5120010501終身教育行政及督導,,,,,27500,,,,27500
2001,113,[1]推行家庭教育　03,113-113,私立大專校院,結合私立大專校院研發家庭教育活動方案及辦理家庭教育、新住民教育、社區性別平等教育活動。,,3500,,,,3500
2001,113,[2]推動高齡教育　04,113-113,私立大專校院,結合私立大專校院辦理高齡教育活動。,,23000,,,,23000
2001,113,[3]本國語言文字標準訂定與推廣　06,113-113,私立大專校院,補助私立大專校院辦理本國語言文字相關教育活動。,,1000,,,,1000
2001,113,(7)5120010701學生事務與特殊教育行政及督導,,,,207000,342307,105952,,139505,794764
2001,113,[1]學生事務行政及督導　01,113-113,私立學校,"
1.強化學生事務工作。
2.辦理大專校院學校法治及品德生命教育。
3.辦理大專社團服務志工。
4.辦理品德教育宣導。",,13626,,,,13626
2001,113,[2]性別平等教育　03,113-113,私立學校,推動性別平等教育工作。,,908,,,,908
2001,113,[3]校園安全維護與防制學生藥物濫用　04,113-113,私立學校,"
1.校園災害防護推展。
2.辦理學生藥物濫用防制工作。",,9232,,,500,9732
2001,113,[4]學生全民國防教育推展　05,113-113,私立學校,"
1.補助大專校院設立校園安全維護及全民國防教育資源中心計畫。
2.推動全民國防教育及全民防衛動員研習經費。",,4100,,,,4100
2001,113,[5]發展與改進大專校院特殊教育　06,113-113,私立學校,"
1.獎勵大專校院招收身心障礙學生。
2.輔導身心障礙學生課業學習及生活協助等。
3.改善無障礙環境相關設施。
4.強化對其輔導區內之大專校院之聯繫、諮詢、輔導及辦理特教知能研習等。
5.補助大專校院試辦轉銜輔導計畫。",207000,226000,105952,,139005,677957
2001,113,[6]推動學生輔導工作　07,113-113,私立學校,補助大專校院落實學生輔導工作、聘用專業輔導人員人力及推動身心健康方案及生命教育等。,,88441,,,,88441
2001,113,(8)5120010904資訊與科技教育行政及督導,,,,,78759,214664,,54489,347912
2001,113,[1]環境教育推廣活動計畫　01-1,113-113,私立大專校院,推動環境教育、永續發展之相關環境計畫及環境教育科技研究。,,,1826,,,1826
2001,113,[2]高級中等以上學校校園環安衛計畫　01-2,113-113,私立大專校院及私立高中職,高級中等以上學校校園永續及環安衛計畫。,,,2000,,3200,5200
2001,113,[3]補助私立大專校院資安輔導推動計畫　02,113-113,私立大專校院,資安輔導推動計畫。,,,8400,,,8400
2001,113,[4]數位學習推動於高級中等學校應用推廣工作　05-1,113-113,私立高級中等學校,補助私立高級中等學校辦理「推動中小學數位學習精進方案」相關計畫。,,8819,16435,,25842,51096
2001,113,[5]BYOD＆THSD實施計畫　05-2,113-113,私立學校,補助私立學校學生自帶學習載具或攜帶載具回家學習，延伸載具使用並培養學生自主學習能力。,,5756,,,,5756
2001,113,[6]雙語數位學伴計畫　05-3,113-113,私立學校,補助私立學校透過線上即時陪伴與學習，促進學童對於本土語及英語的學習動機和興趣。,,24000,,,,24000
2001,113,[7]教育大數據人才培育　05-4,113-113,私立大學,補助私立大學辦理教育大數據微課程。,,14500,,,3000,17500
2001,113,[8]數位學伴計畫　06,113-113,私立學校,辦理網實整合多元伴學協助偏鄉學童資訊應用。,,25684,,,,25684
2001,113,[9]人文社科教育先導計畫　07-1,113-113,私立大專校院,強化人社領域師生應用數位科技及量化分析技術，並融入人文關懷和批判思考，再造共同學習基礎與人才養成模式，發展具人社系院特色之數位人文系列課群，鼓勵跨域創新專題，提升學生學研能力與就業市場競爭力，並連結關於人文典藏、流通、展演之產業，造就文化資產與創新人才的價值與產值之雙重輸出。,,,14000,,,14000
2001,113,[10]重點產業科技教育先導計畫　07-2,113-113,私立大專校院,補助大專校院成立教學資源中心或跨校聯盟，發展並開授重點領域及問題導向課（學）程、形塑人才培育社群、建立實作平臺及教學實驗室、推動產學交流、辦理創意應用專題競賽、參與國際競賽及交流活動、建構著重應用場域體驗、實作及做中學之人才培育模式。,,,102271,,13247,115518
2001,113,[11]人文及科技跨領域教育先導計畫　07-3,113-113,私立大專校院,補助大專校院導入大型線上開放課程經驗，發展數位學習多元模式，深耕跨域數位能力養成；形塑工程教育核心能力養成創新模式，結合現實世界議題，回應當代社會與經濟發展需求，推動跨校、跨域產學交流合作，辦理競賽及國際交流活動；並強化人社領域院系與產業界合作鏈結，結合業界實務／實際問題，培育具備產業界職能、解決問題之人才；銜接十二年國民教育（108課綱）培育之素養導向新型態學習者，培育跨域、探索型自主學習人才及建立支持機制。,,,64832,,2700,67532
2001,113,[12]氣候變遷調適教育與永續校園計畫　08-1,113-113,私立大專校院及私立高中職,推動永續校園計畫。,,,1000,,2500,3500
2001,113,[13]配合「行政院全國植樹政策」之校園綠籬專案計畫　08-2,113-113,私立學校,配合行政院全國植樹政策，推動校園綠籬專案計畫，透過徵件補助、委託專家學者到校輔導及辦理示範觀摩等活動，協助盤點校園圍牆不足樣態及綠籬改造方式、養護相關推動工作。包括輔導學校執行校園植栽環境檢核提出改善規劃、整合校園植樹環境與愛樹教育相關計畫、教育訓練與推廣、舉辦成果發表會及說明會等活動，並協助計畫申請作業、成果報告彙整等工作。,,,3900,,4000,7900
2001,113,(9)5120010908國際及兩岸教育交流,,,,,137720,60,,1500,139280
2001,113,[1]在國內外辦理國際教育交流及參與國際會議活動　01-5,113-113,私立學校,"
1.機票費或生活費、印刷費等。
2.辦理會議及開設研習課程相關費用。",,3113,,,,3113
2001,113,[2]補助私校辦理華語文教育推廣作業　03-3,113-113,私立大學校院,教材研發、海外需求市場開拓設點等費用。,,108574,,,1500,110074
2001,113,[3]辦理國內學生海外實習活動　04,113-113,私立學校,辦理活動之講座鐘點費、旅運費及印刷費等。,,3664,,,,3664
2001,113,[4]辦理擴大招收國際學生，推動新南向政策相關事務　05,113-113,私立學校,補助設立境外臺灣教育中心、境外學生接待家庭計畫、境外學生輔導人員支援體系、國際學生輔導及活動等相關經費。,,22369,,,,22369
2001,113,[5]辦理港澳及兩岸教育相關事務　06,113-113,私立學校,辦理兩岸（含港澳）學術會議、文教活動。,,,60,,,60
2001,113,4060對公保軍保退撫基金之補助及挹注,,,,10474055,,,,,10474055
2001,113,(1)7620012100學校教職員暨社教機構聘任人員退休撫卹給付,,,,10474055,,,,,10474055
2001,113,[1]年金改革節省退撫給付挹注公務人員退休撫卹基金經費　10,113-113,退撫基金,"
1.部屬機關（構）及學校公教人員年金改革節省退撫給付挹注公務人員退休撫卹基金經費。
2.依公立學校教職員退休資遣撫卹條例第98條規定撥補教育人員退休撫卹基金。",10474055,,,,,10474055
2001,113,2.對個人之捐助,,,,1111402,870650,32997716,,,34979768
2001,113,4050對學生之獎助,,,,,829760,32644872,,,33474632
2001,113,(1)5120010201高等教育行政及督導,,,,,523589,416500,,,940089
2001,113,[1]學術審議著作審查、設置國家講座與學術獎及改善高教人才斷層　01,113-113,參與博士獎學金計畫之學生,大學針對博士培育之入學、就學及職涯發展提出整體培育計畫，並結合產學資源，本部提供定額補助及加碼補助。,,285000,,,,285000
2001,113,[2]推動及改進大學招生制度　02,113-113,低收入戶及中低收入戶考生,補助大學入學各項考試低收入戶及中低收入戶考生報名費。,,9500,,,,9500
2001,113,[3]強化人才培育及產學合作機制　03,113-113,補助藝術設計人才相關計畫之學生,補助學生獎助學金。,,128091,,,,128091
2001,113,[4]改善教學研究環境及提升高等教育行政服務品質　04,113-113,參與危險活動學生,獎助生危險活動等投保相關經費。,,14800,,,,14800
2001,113,[5]引導學校多元發展及提升教學品質　06,113-113,參與臺灣菁英獎學金計畫學生,獎助臺灣菁英獎學金學生生活費、獎助金等。,,86198,,,,86198
2001,113,[6]拉近公私立學校學雜費差距專案減免　07,113-113,公立大學校院弱勢學生,拉近公私立大學學雜費差距及其配套措施方案：辦理大專校院弱勢學生助學計畫，補助公立大學校院弱勢學生助學金。,,,416500,,,416500
2001,113,(2)5120010202技術職業教育行政及督導,,,,,,1200877,,,1200877
2001,113,[1]補助低、中低收入戶統測報名費及產學攜手計畫等　01,113-113,高中職及公私立技專校院學生,補助低、中低收入戶統測報名費、產學攜手獎助學金相關經費。,,,159430,,,159430
2001,113,[2]協助技專校院學生展翅高飛計畫及協助經濟弱勢學生安心學習　05,113-113,公私立技專校院學生,協助技專校院五專學生獎助金及協助技專校院經濟弱勢學生生活獎助金。,,,744705,,,744705
2001,113,[3]補助公校弱勢學生助學金　06,113-113,公立技專校院,拉近公私立大學學雜費差距及配套措施方案，辦理大專校院弱勢學生助學計畫，補助公校弱勢學生助學金。,,,296742,,,296742
2001,113,(3)5120010204私立學校教學獎助,,,,,101233,28148660,,,28249893
2001,113,[1]私立大專校院學生團體保險　02,113-113,私立大專校院學生,私立大專校院學生團體保險費。,,80000,,,,80000
2001,113,[2]學生學雜費減免及助學金補助　04,113-113,私立大專校院學生,"
1.補助私立大專校院學生學雜費減免經費、生活助學金及研究生獎助學金。
2.辦理十二年國民基本教育高中職（含五專前3年）免學費方案。",,,7551406,,,7551406
2001,113,[3]補助私立大專校院學生就學貸款利息　05,113-113,私立大專校院學生,負擔私立大學經濟弱勢學生就學期間與畢業（退伍）後1年之「寬限期」利息、所有貸款人均可申請之「只繳息期」、經濟弱勢者申請之「緩繳期」及延長還款年限之利息。,,,1921000,,,1921000
2001,113,[4]輔導海外臺灣學校及大陸地區臺商學校整體發展　09,113-113,海外臺灣學校學生及大陸地區臺商學校學生,"
1.補助海外臺灣學校學生學費、獎助學金及團體保險費。
2.補助大陸地區臺商學校學生學費及團體保險費。",,21233,213496,,,234729
2001,113,[5]拉近公私立學校學雜費差距專案減免　10,113-113,私立大專校院學生,"
1.定額減免私立大專校院學士班學生（含五專後兩年）與公立大專校院學雜費差距所需經費。 
2.辦理大專校院弱勢學生助學計畫，補助私立大專校院弱勢學生助學金。",,,18462758,,,18462758
2001,113,(4)5120010301師資培育與藝術教育行政及督導,,,,,204938,94381,,,299319
2001,113,[1]優秀師資生獎學金　03-1,113-113,學生,卓越師資培育獎學金。,,,77769,,,77769
2001,113,[2]學士後教育學分班獎助金　03-2,113-113,學生,補助本土語文學士後教育學分班學生學分費獎助金。,,,11552,,,11552
2001,113,[3]教師資格檢定及課程認定　04,113-113,學生,"
1.補助低收入戶及中低收入戶子女參加高級中等以下學校與幼兒園教師資格考試及報名費。
2.補助師資培育大學清寒教育實習學生獎助金。
3.補助師資培育大學教育實習獎助金。
4.補助初領教師證書所需經費。",,204938,5060,,,209998
2001,113,(5)5120010701學生事務與特殊教育行政及督導,,,,,,732400,,,732400
2001,113,[1]學生公費及獎助學金　02,113-113,國內學校在校學生及僑生,"
1.負擔公立大專校院中低收入家庭子女就學期間與畢業（退伍）後1年之「寬限期」利息、所有貸款人均可申請之「只繳息期」、經濟弱勢者申請之「緩繳期」及延長還款年限之利息。
2.師資培育之大學公費生及補助設立教育學程私立大學修習教育學程學生師資培育助學金。
3.經濟弱勢僑生助學金、研究所僑生獎學金及獎勵海外優秀僑生獎學金經費。",,,656400,,,656400
2001,113,[2]發展與改進大專校院特殊教育　06,113-113,大專學生,大專特教學生獎補助金。,,,76000,,,76000
2001,113,(6)5120010908國際及兩岸教育交流,,,,,,2052054,,,2052054
2001,113,[1]亞太大學交流會（UMAP）國內外會員校學生短期獎學金　01-6,113-113,學生,生活津貼。,,,1440,,,1440
2001,113,[2]華語教學助理、語言實習　03-3,113-113,學生,機票及生活津貼。,,,51750,,,51750
2001,113,[3]外國學生來臺學習語言獎學金　03-4,113-113,外國學生,學費及生活費等。,,,329730,,,329730
2001,113,[4]公費留學生、留學獎學金、交換學生獎助　04,113-113,學生,學費、機票費及生活費等。,,,1269346,,,1269346
2001,113,[5]外國來臺留學生獎學金　05,113-113,外國學生,學費及生活費等。,,,399788,,,399788
2001,113,4075差額補貼,,,,1111402,,,,,1111402
2001,113,(1)7620012100學校教職員暨社教機構聘任人員退休撫卹給付,,,,1111402,,,,,1111402
2001,113,[1]支付國立學校暨社教機構聘任人員退休撫卹金　01,113-113,退休人員,國立學校暨社教機構退休人員一次退休金優惠存款利息差額。,1111402,,,,,1111402
2001,113,4085獎勵及慰問,,,,,38970,90238,,,129208
2001,113,(1)5120010100一般行政,,,,,950,,,,950
2001,113,[1]獎勵模範公務人員　07,113-113,本部與所屬機關（構）學校模範公務人員,核發本部與所屬機關（構）學校模範公務人員獎勵金。,,950,,,,950
2001,113,(2)5120010100一般行政,,,,,4860,,,,4860
2001,113,[1]退休人員三節慰問金　08,113-113,本部符合退休照護之退休人員,退休人員三節慰問金。,,360,,,,360
2001,113,[2]慰問對教育具貢獻且需濟助之教師　09,113-113,對教育具有貢獻，且生活困苦或罹患重病急需濟助之退休教師,每年三節發給對教育具有貢獻，且生活困苦或罹患重病急需濟助之退休教師。,,4500,,,,4500
2001,113,(3)5120010201高等教育行政及督導,,,,,,78200,,,78200
2001,113,[1]學術審議著作審查、設置國家講座與學術獎及改善高教人才斷層　01,113-113,公私立大學校院教師,學術獎獎金。,,,66200,,,66200
2001,113,[2]強化人才培育及產學合作機制　03,113-113,藝術類國際競賽得獎學生,參加國際競賽學生得獎之獎金。,,,12000,,,12000
2001,113,(4)5120010202技術職業教育行政及督導,,,,,,9000,,,9000
2001,113,[1]國家產學大師獎獲獎人獎金　03-2,113-113,技專校院教師,表揚技專校院教師實務研發對產業與技職人才培育貢獻。,,,9000,,,9000
2001,113,(5)5120010301師資培育與藝術教育行政及督導,,,,,27000,,,,27000
2001,113,[1]獎勵優良教師　02-1,113-113,各級學校資深優良教師,"
1.服務屆滿10年之資深優良教師，每人4千元。
2.服務屆滿20年之資深優良教師，每人6千元。
3.服務屆滿30年之資深優良教師，每人8千元。
4.服務屆滿40年之資深優良教師，每人10千元。",,25900,,,,25900
2001,113,[2]獎勵教育奉獻獎獲獎者　02-2,113-113,教育奉獻獎獲獎者,教育奉獻獎獲獎者，每人致贈獎勵金50千元，獲獎人數以20人為原則。,,1000,,,,1000
2001,113,[3]辦理教師典範獎、教師卓越獎及教育實習合作團體獎　04,113-113,教師,教育實習獎優獎、分實習指導教師典範獎、實習輔導教師卓越獎、實習學生楷模獎及教育實習合作團體獎。,,100,,,,100
2001,113,(6)5120010501終身教育行政及督導,,,,,4960,,,,4960
2001,113,[1]推動高齡教育　04,113-113,高齡教育推展績優單位及人員,獎勵高齡教育推展績優單位及人員。,,3000,,,,3000
2001,113,[2]本國語言文字標準訂定與推廣　06,113-113,本土語言文學獎得獎者,本土語言文學獎計畫。,,1960,,,,1960
2001,113,(7)5120010507國立臺灣藝術教育館行政及推展,,,,,,2990,,,2990
2001,113,[1]獎勵全國學生圖畫書創作獎　0402,113-113,全國各級學校在學學生,"
1.獎勵兒童圖畫書創作，發掘及培育圖畫書創作人才。 
2.提升國內圖畫書創作品質水準，充實優良圖像讀物。 
3.豐富兒童藝術涵養與想像力。",,,450,,,450
2001,113,[2]教育部文藝創作獎　0404,113-113,全國學校教師暨學生,辦理教育部文藝創作獎，以鼓勵文學藝術創作，提升國人之藝文水準，激發國人之創意。,,,2540,,,2540
2001,113,(8)5120010507國立臺灣藝術教育館行政及推展,,,,,,48,,,48
2001,113,[1]退休退職人員三節慰問金　0204,113-113,退休退職人員,退休退職人員計8人，三節慰問金每人每年6千元。,,,48,,,48
2001,113,(9)5120010701學生事務與特殊教育行政及督導,,,,,1200,,,,1200
2001,113,[1]學生事務行政及督導　01,113-113,個人,獎勵全國大專校院學生社團評選獲獎者。,,500,,,,500
2001,113,[2]性別平等教育　03,113-113,個人,獎勵性別平等教育碩博士論文得獎者。,,250,,,,250
2001,113,[3]推動學生輔導工作　07,113-113,個人,獎勵生命教育碩博士論文得獎者。,,450,,,,450
2001,113,4090其他補助及捐助,,,,,1920,262606,,,264526
2001,113,(1)5120010501終身教育行政及督導,,,,,1920,,,,1920
2001,113,[1]推動高齡教育　04,113-113,樂齡學習方案推動單位及人員,加強辦理樂齡學習方案。,,500,,,,500
2001,113,[2]國立及公共圖書館之輔導與充實　08,113-113,創作者及出版者,國立公共圖書館試辦公共出借權計畫創作者及出版者補償酬勞。,,1420,,,,1420
2001,113,(2)5120010908國際及兩岸教育交流,,,,,,262606,,,262606
2001,113,[1]華語教學人員赴外國學校任教經費　03-5,113-113,國內個人,機票及生活津貼。,,,262606,,,262606
2001,113,3.對國外之捐助,,,,,53350,,,,53350
2001,113,4035對外之捐助,,,,,53350,,,,53350
2001,113,(1)5120010908國際及兩岸教育交流,,,,,53350,,,,53350
2001,113,[1]臺灣研究講座　01-1,113-113,國外學術文教團體,講座薪資、辦公費用及獎助金等。,,40810,,,,40810
2001,113,[2]傅爾布萊特中美文教合作計畫　01-2,113-113,學術交流基金會,設置美國學人來臺及我國學人赴美獎助金。,,11840,,,,11840
2001,113,[3]歐盟及重點國家官員來臺參與臺灣研究研討會　01-3,113-113,外國機構及個人,機票、食宿及交通費。,,700,,,,700
2001,114,合計,,,,23367607,6493703,39601833,,5303816,74766959
2001,114,1.對團體之捐助,,,,22430420,2686736,10782443,,5303816,41203415
2001,114,4040對國內團體之捐助,,,,56812,320178,197625,,27908,602523
2001,114,(1)5120010100一般行政,,,,,2072,,,,2072
2001,114,[1]學校衛生保健活動　01,114-114,民間團體,辦理性教育、健康促進及校園慢性病防治衛生教育等學校衛生保健活動。,,257,,,,257
2001,114,[2]辦理原住民族教育　03,114-114,民間團體,辦理原住民族教育相關活動。,,1500,,,,1500
2001,114,[3]補助公務人員協會　06,114-114,公務人員協會,補助公務人員協會運作。,,47,,,,47
2001,114,[4]114年統計學術研討會　07,114-114,中國統計學社,114年統計學術研討會經費。,,268,,,,268
2001,114,(2)5120010201高等教育行政及督導,,,,55831,161872,,,11198,228901
2001,114,[1]推動及改進大學招生制度　02,114-114,財團法人大學入學考試中心基金會等,"
1.改進多元入學制度、建立電腦題庫改進試務技術、推動招考技術相關研究及新方案宣導說明。
2.辦理海外僑生（含港澳生）招生試務工作。",22593,148677,,,10048,181318
2001,114,[2]推動大學評鑑制度　05,114-114,財團法人高等教育評鑑中心基金會等,"
1.補助高等教育評鑑中心運作所需經費。
2.補助高等教育評鑑中心建立大學評鑑指標、建置大學暨技專校院評鑑人才資料庫、蒐集先進國家高等教育評鑑訊息及推動高等教育評鑑國際交流等。",33238,13195,,,1150,47583
2001,114,(3)5120010201高等教育行政及督導,,,,,350,,,,350
2001,114,[1]推動及改進大學招生制度　02,114-114,大學海外聯合招生委員會,辦理海外僑生（含港澳生）招生宣導工作。,,350,,,,350
2001,114,(4)5120010202技術職業教育行政及督導,,,,,,150523,,1103,151626
2001,114,[1]補助技專校院招生策進總會、入學測驗中心及招生委員會等　01,114-114,民間團體,規劃改進技專校院考招分離招生制度，推動多元入學方案。,,,150523,,1103,151626
2001,114,(5)5120010202技術職業教育行政及督導,,,,,,2030,,,2030
2001,114,[1]補助技專校院招生策進總會等辦理入學方案宣導　01,114-114,民間團體,辦理入學方案宣導。,,,2030,,,2030
2001,114,(6)5120010204私立學校教學獎助,,,,481,421,,,14707,15609
2001,114,[1]輔導私立大專校院整體發展獎助　01,114-114,財團法人私立學校興學基金會,補助財團法人私立學校興學基金會依法運作並統籌辦理民間對私校捐贈事宜，以促進私校發展。,481,421,,,,902
2001,114,[2]補助私立大專校院學生就學貸款利息　05,114-114,財團法人中小企業信用保證基金,撥付財團法人中小企業信用保證基金，協助中低收入戶家庭子女就學。,,,,,14707,14707
2001,114,(7)5120010301師資培育與藝術教育行政及督導,,,,,780,32820,,,33600
2001,114,[1]推行藝術教育　01,114-114,民間團體,辦理藝術教育活動。,,,23882,,,23882
2001,114,[2]推動教師專業發展　05,114-114,民間團體,"
1.辦理教師專業發展活動。
2.辦理教師專業發展活動宣導。",,780,8938,,,9718
2001,114,(8)5120010501終身教育行政及督導,,,,,750,,,,750
2001,114,[1]推動終身教育及學習網絡　01,114-114,企業,補助製播及推動終身學習節目，增進多元學習機會。,,750,,,,750
2001,114,(9)5120010501終身教育行政及督導,,,,,35741,,,,35741
2001,114,[1]推動終身教育及學習網絡　01,114-114,國內民間團體及財團法人,加強民間團體推動終身教育功能及辦理地方社教活動。,,15750,,,,15750
2001,114,[2]推動社區教育　02,114-114,國內民間團體及財團法人,加強民間團體推動社區教育。,,1300,,,,1300
2001,114,[3]推行家庭教育　03,114-114,國內民間團體及財團法人,結合民間團體辦理家庭教育、新住民教育輔導活動及推動社區性別平等教育。,,1000,,,,1000
2001,114,[4]推動高齡教育　04,114-114,國內民間團體及財團法人,結合民間團體辦理高齡教育及樂齡學習活動。,,2661,,,,2661
2001,114,[5]輔導教育基金會之相關業務　05,114-114,國內民間團體及財團法人,補助教育基金會辦理終身學習活動等。,,11839,,,,11839
2001,114,[6]本國語言文字標準訂定與推廣　06,114-114,國內民間團體及財團法人,補助民間團體辦理本國語文相關教育活動。,,3191,,,,3191
2001,114,(10)5120010701學生事務與特殊教育行政及督導,,,,500,14633,391,,,15524
2001,114,[1]學生事務行政及督導　01,114-114,民間團體,"
1.辦理大專校院人權法治與品德教育及正向管教。 
2.辦理大專校院社團服務志工。",,1687,,,,1687
2001,114,[2]性別平等教育　03,114-114,民間團體,推動性別平等教育工作。,,308,,,,308
2001,114,[3]校園安全維護與防制學生藥物濫用　04,114-114,民間團體,"
1.防災教育推廣。
2.防制毒品教育推廣。",,9713,,,,9713
2001,114,[4]發展與改進大專校院特殊教育　06,114-114,民間團體,補助民間團體推展特殊教育活動。,500,1500,391,,,2391
2001,114,[5]推動學生輔導工作　07,114-114,民間團體,推動學生輔導工作。,,1425,,,,1425
2001,114,(11)5120010904資訊與科技教育行政及督導,,,,,23041,9770,,,32811
2001,114,[1]環境教育推廣活動計畫　01,114-114,民間團體,推動環境教育、永續發展之相關環境計畫及環境教育科技研究。,,,3720,,,3720
2001,114,[2]補助台灣鑑識協會辦理研討會　03-1,114-114,民間團體,台灣鑑識協會研討會。,,,50,,,50
2001,114,[3]2025第30屆大專校院資訊應用服務創新競賽　03-2,114-114,民間團體,2025第30屆大專校院資訊應用服務創新競賽。,,,5400,,,5400
2001,114,[4]2025青年程式設計競賽　03-3,114-114,民間團體,2025青年程式設計競賽。,,,600,,,600
2001,114,[5]補助民間團體及財團法人開發中小學教師教學所需之數位內容　05-1,114-114,民間團體及財團法人,補助民間團體及財團法人開發生動活潑之數位內容，提供中小學教師實施多元教學模式。,,6200,,,,6200
2001,114,[6]補助民間非營利組織推廣家長運用資訊工具與資源導入　05-2,114-114,民間團體,培訓家長操作及運用數位學習平臺，透過家庭教育與學校教育的連結，協助學生進行有效能的學習及提升學習動機。,,4000,,,,4000
2001,114,[7]補助民間非營利組織辦理跨縣市、跨領域教師數位學習增能與交流活動　05-3,114-114,民間團體,規劃辦理不同地區、專業領域之教師與社群分享數位學習推動與科技領導經驗，凝聚教師共識，擴大資訊科技融入教學之影響力。,,3500,,,,3500
2001,114,[8]結合民間非營利組織宣導數位科技應用及資訊素養推廣活動　05-4,114-114,民間團體,補助民間非營利組織辦理數位科技應用及資訊倫理與安全健康上網等相關宣導活動。,,2200,,,,2200
2001,114,[9]偏鄉數位應用在地特色推廣　06,114-114,民間團體及財團法人,推動偏鄉民眾數位應用學習及特色成果。,,3200,,,,3200
2001,114,[10]大學數位學習品質提升相關機制經費　07,114-114,民間團體,補助臺灣開放式課程聯盟，推動開放式課程。,,3941,,,,3941
2001,114,(12)5120010908國際及兩岸教育交流,,,,,75518,2091,,900,78509
2001,114,[1]補助參與國際會議活動　01-4,114-114,國內教育團體,補助國際組織會費。,,60,,,,60
2001,114,[2]辦理促進華語文教育產業發展合作相關事宜　03-2,114-114,民間團體,補助機票、研討會、活動及辦理華語教育資源整合交流行銷經費等。,,70100,,,500,70600
2001,114,[3]辦理擴大招收國際學生，推動新南向政策相關事務　05,114-114,財團法人高等教育國際合作基金會,辦理境外臺灣教育展、參加國際教育者年會及留學臺灣資訊行銷。,,5358,,,400,5758
2001,114,[4]辦理港澳及兩岸教育相關事務　06,114-114,學術教育藝文團體、海基會、大考中心等,辦理兩岸（含港澳）學術會議、文教活動及設置大學學測與高中英聽測驗大陸考場。,,,2091,,,2091
2001,114,(13)5120010908國際及兩岸教育交流,,,,,5000,,,,5000
2001,114,[1]辦理推廣臺灣華語教育媒體宣傳工作　03,114-114,華語相關學會或協會、基金會等,辦理推廣臺灣華語教育媒體宣傳工作。,,3000,,,,3000
2001,114,[2]辦理留學臺灣媒體宣傳工作　05,114-114,財團法人高等教育國際合作基金會,辦理留學臺灣相關資訊行銷宣傳。,,2000,,,,2000
2001,114,4045對私校之獎助,,,,9194393,2366558,10584818,,5275908,27421677
2001,114,(1)5120010100一般行政,,,,197755,122008,,,22160,341923
2001,114,[1]大專校院健康促進學校計畫　04,114-114,私立學校,辦理校園學生健康促進活動、校園傳染病衛生教育活動及充實健康中心設備。,,15101,,,1200,16301
2001,114,[2]補助大專校院原資中心及區域原資中心相關計畫　05,114-114,私立學校,補助大專校院原住民族學生資源中心及區域原資中心相關計畫。,155067,106907,,,20960,282934
2001,114,[3]補助轄管私立大專校院提繳未具本職兼任教師之勞工退休金　10,114-114,私立大專校院,補助轄管私立大專校院依專科以上學校兼任教師聘任辦法第20條規定，提繳未具本職兼任教師之勞工退休金所需經費。,42688,,,,,42688
2001,114,(2)5120010201高等教育行政及督導,,,,1287296,892692,,,1032350,3212338
2001,114,[1]學術審議著作審查、設置國家講座與學術獎及改善高教人才斷層　01,114-114,私立大學校院,"
1.國家講座教學研究經費。
2.補助學校推動教師多元升等分流機制。
3.辦理因應高教人才斷層—提升教研人員待遇計畫經費。",70400,143400,,,16000,229800
2001,114,[2]推動及改進大學招生制度　02,114-114,私立大學校院,推動多元入學方案、建立電腦題庫改進試務技術、推動招考技術相關研究及說明、推動高中銜接大學課程及學習歷程檔案資料庫建置等。,33896,98578,,,35633,168107
2001,114,[3]強化人才培育及產學合作機制　03,114-114,私立大學校院,補助推動跨校級創新研發、建構創新創業生態環境、推動國際共同人才培育計畫、深化博士產業研發能力，推動產學合作培育博士級研發人才、產業碩士專班以及執行成立太空系統工程研究所等。,63000,58183,,,25000,146183
2001,114,[4]改善教學研究環境及提升高等教育行政服務品質　04,114-114,私立大學校院,補助私立大學辦理宿舍改善、教學助理全面納保及衍生身心障礙者與原住民族雇用所需相關經費。,,21616,,,259660,281276
2001,114,[5]推動大學評鑑制度　05,114-114,私立大學校院,補助學校自主辦理系所品保經費。,,2560,,,,2560
2001,114,[6]引導學校多元發展及提升教學品質　06,114-114,私立大學校院,推動高等教育深耕計畫、新南向政策相關方案、大學校院延攬頂尖人才計畫等。,1120000,568355,,,696057,2384412
2001,114,(3)5120010202技術職業教育行政及督導,,,,,,4002880,,748675,4751555
2001,114,[1]辦理技職推廣、招生等業務以強化技職教育學制及特色　01,114-114,私立技專校院,提升技職教育辦學水準，推廣技職教育理念，並辦理原住民族技職教育推展。,,,169166,,6517,175683
2001,114,[2]推動產業學院計畫　03-1,114-114,私立技專校院,鼓勵技專校院辦理契合式人才培育學程。,,,60000,,,60000
2001,114,[3]辦理區域產業人才及技術培育基地　03-2,114-114,私立技專校院,私立大專校院建置基地補助。,,,2000,,,2000
2001,114,[4]辦理實作場域設備精進計畫　03-3,114-114,私立技專校院,私立大學推動業師協同教學、充實教學設備、建置類產線。,,,169615,,176830,346445
2001,114,[5]促進技職校院國際合作交流與加強學生外語能力　04-1,114-114,私立技專校院,促進技專校院國際合作交流與加強學生外語能力。,,,698681,,35117,733798
2001,114,[6]補助技專校院獎助生保險所需費用　04-2,114-114,私立技專校院,補助技專校院獎助生保險所需費用等。,,,55500,,,55500
2001,114,[7]引導技專校院推動以學生為主體之教學創新　05,114-114,私立技專校院,補助技專校院進行教學創新及發展辦學特色、在地連結及照顧弱勢學生。,,,2847918,,530211,3378129
2001,114,(4)5120010204私立學校教學獎助,,,,7551246,531836,6305996,,3425670,17814748
2001,114,[1]輔導私立大專校院整體發展獎助　01,114-114,私立大專校院,"
1.協助私立大專校院整體校務發展及有關政策之執行。
2.私立大專校院績效型獎補助經費。
3.私立大專校院建置基地補助經費。",,,6264493,,3208809,9473302
2001,114,[2]私立大專校院輔導學生事務工作　02,114-114,私立大專校院,獎補助私立大專校院推動學生事務及輔導工作。,,478075,,,185000,663075
2001,114,[3]補助私立大專校院建築貸款利息　03,114-114,私立大專校院,"
1.補助91至107年度核准之私立大專校院興建之學生宿舍等建築貸款利息。
2.私立大專校院興建教學大樓及學生宿舍貸款利息補助。",,,15053,,,15053
2001,114,[4]補助私立學校教職員退撫經費及保險費　06,114-114,私立學校,"
1.依公教人員保險法規定，補助私立學校教職員參加公保政府負擔之保險費及公保養老給付超額年金（含補助各私立大專校院參與臺灣銀行公教保險部代發超額年金服務之入帳手續費）。
2.依全民健康保險法規定，補助私立學校教職員參加全民健保政府負擔之保險費。
3.依學校法人及其所屬私立學校教職員退休撫卹離職資遣條例規定，補助私立學校教職員參加私立學校退撫新制之提撥費用、法定收益差額、新舊制差額及辦理私校退撫新制業務與人力等經費。 
4.依學校法人及其所屬私立學校教職員退休撫卹離職資遣條例規定，編列原私校退撫基金不足（私立專科以上學校部分）經費。",5665811,,,,,5665811
2001,114,[5]私立學校軍訓教官與護理教師待遇及進用學輔人力　08,114-114,私立學校,私立學校軍訓教官與護理教師待遇及進用輔導人力經費。,1885435,,,,,1885435
2001,114,[6]輔導海外臺灣學校及大陸地區臺商學校整體發展　09,114-114,海外臺灣學校及大陸地區臺商學校,"
1.補助海外臺灣學校教學設備、活動及補充教材等。
2.補助大陸地區臺商學校軟體設備及師生進修研習等。",,39736,6500,,31861,78097
2001,114,[7]拉近公私立學校學雜費差距專案減免　10,114-114,私立大專校院,補助私立學校辦理全校學士班學生學雜費減免業務，須辦理學生疑義諮詢、資料審查、資格檢核等事項。,,14025,19950,,,33975
2001,114,(5)5120010301師資培育與藝術教育行政及督導,,,,,1920,23300,,300,25520
2001,114,[1]推行藝術教育　01,114-114,私立學校,辦理藝術教育活動。,,,500,,,500
2001,114,[2]師資職前培育　03,114-114,私立大學,"
1.發展精緻師資培育大學、強化教學活動及充實教學設施。
2.推動教育史懷哲計畫，涵養師資生服務精神。
3.辦理師資培育課程規劃與專業審查。
4.配合先檢定後實習之相關措施。",,,16800,,300,17100
2001,114,[3]教師資格檢定及課程認定　04,114-114,私立大學,"
1.補助師資培育大學落實教育實習輔導工作。
2.補助師資培育大學辦理學術研討會。",,420,6000,,,6420
2001,114,[4]推動教師專業發展　05,114-114,私立大學,"
1.師資培育大學辦理教師增能活動。
2.師資培育大學落實地方教育輔導工作。",,1500,,,,1500
2001,114,(6)5120010501終身教育行政及督導,,,,,42500,,,,42500
2001,114,[1]推行家庭教育　03,114-114,私立大專校院,結合私立大專校院研發家庭教育活動方案及辦理家庭教育、新住民教育、社區性別平等教育活動。,,3500,,,,3500
2001,114,[2]推動高齡教育　04,114-114,私立大專校院,結合私立大專校院辦理高齡教育活動。,,38000,,,,38000
2001,114,[3]本國語言文字標準訂定與推廣　06,114-114,私立大專校院,補助私立大專校院辦理本國語言文字相關教育活動。,,1000,,,,1000
2001,114,(7)5120010701學生事務與特殊教育行政及督導,,,,154000,416798,47800,,4750,623348
2001,114,[1]學生事務行政及督導　01,114-114,私立學校,"
1.強化學生事務工作。
2.辦理大專校院學校法治及品德生命教育。
3.辦理大專社團服務志工。
4.辦理品德教育宣導。",,13710,,,,13710
2001,114,[2]性別平等教育　03,114-114,私立學校,推動性別平等教育工作。,,5708,,,,5708
2001,114,[3]校園安全維護與防制學生藥物濫用　04,114-114,私立學校,"
1.校園災害防護推展。
2.辦理學生藥物濫用防制工作。",,19032,,,200,19232
2001,114,[4]學生全民國防教育推展　05,114-114,私立學校,推動全民國防教育及全民防衛動員研習經費。,,7300,,,,7300
2001,114,[5]發展與改進大專校院特殊教育　06,114-114,私立學校,"
1.獎勵大專校院招收身心障礙學生。
2.輔導身心障礙學生課業學習及生活協助等。
3.強化對其輔導區內之大專校院之聯繫、諮詢、輔導及辦理特教知能研習等。
4.補助大專校院試辦轉銜輔導計畫。",154000,282607,47800,,4550,488957
2001,114,[6]推動學生輔導工作　07,114-114,私立學校,補助大專校院落實學生輔導工作、聘用專業輔導人員人力及推動身心健康方案及生命教育等。,,88441,,,,88441
2001,114,(8)5120010904資訊與科技教育行政及督導,,,,4096,59117,204332,,40503,308048
2001,114,[1]環境教育推廣活動計畫　01-1,114-114,私立大專校院,推動環境教育、永續發展之相關環境計畫及環境教育科技研究。,,,1826,,,1826
2001,114,[2]高級中等以上學校校園環安衛計畫　01-2,114-114,私立大專校院及私立高中職,高級中等以上學校校園永續及環安衛計畫。,,,2000,,3200,5200
2001,114,[3]數位學習推動於高級中等學校應用推廣工作　05-1,114-114,私立高級中等學校,補助私立高級中等學校辦理「推動中小學數位學習精進方案」相關計畫。,4096,3327,13541,,18863,39827
2001,114,[4]BYOD＆THSD實施計畫　05-2,114-114,私立學校,補助私立學校學生自帶學習載具或攜帶載具回家學習，延伸載具使用並培養學生自主學習能力。,,6000,,,,6000
2001,114,[5]雙語數位學伴計畫　05-3,114-114,私立學校,補助私立學校透過線上即時陪伴與學習，促進學童對於本土語及英語的學習動機和興趣。,,22500,,,,22500
2001,114,[6]教育大數據人才培育　05-4,114-114,私立大學,補助私立大學辦理教育大數據微課程。,,4290,,,650,4940
2001,114,[7]數位學伴計畫　06,114-114,私立學校,辦理網實整合多元伴學協助偏鄉學童資訊應用。,,23000,,,,23000
2001,114,[8]人文社科教育先導計畫　07-1,114-114,私立大專校院,推動人文社科教育先導計畫，數位人文跨域人才智慧領航計畫，強化人社領域師生應用數位智慧科技及量化分析技術，並融入人文關懷和批判思考，協助高教創新發展具人文社科系院特色之數位人文系列課群，培育師生跨域溝通與能體現人文社科價值之數位創新能力。,,,14840,,1000,15840
2001,114,[9]重點產業科技教育先導計畫　07-2,114-114,私立大專校院,補助大專校院成立教學資源中心或跨校聯盟，發展並開授重點領域及問題導向課（學）程、形塑人才培育社群、建立實作平臺及教學實驗室、推動產學交流、辦理創意應用專題競賽、參與國際競賽及交流活動、建構著重應用場域體驗、實作及做中學之人才培育模式。,,,100925,,10390,111315
2001,114,[10]人文及科技跨領域教育先導計畫　07-3,114-114,私立大專校院,補助大專校院導入大型線上開放課程經驗，發展數位學習多元模式，深耕跨域數位能力養成；並銜接十二年國民教育108課綱培育之素養導向新型態學習者，培養學生跨域、探索型自主學習之能力；另回應當代社會與經濟發展需求，鼓勵形塑工程教育核心能力養成創新模式，並強化人社領域院系與產業界合作鏈結，結合產業及社會實務與實際問題，推動跨校、跨域產學交流合作，辦理競賽及國際交流活動，培育具備產業職能、解決問題之跨域人才。,,,65200,,3400,68600
2001,114,[11]氣候變遷調適教育與永續校園計畫　08-1,114-114,私立大專校院及私立高中職,辦理氣候變遷教育推動計畫、建構智慧化氣候友善校園先導型計畫。,,,5000,,2500,7500
2001,114,[12]辦理愛樹教育及校園綠籬計畫　08-2,114-114,私立學校,透過徵件補助、委託專家學者到校輔導及辦理示範觀摩等活動，協助盤點校園圍牆不足樣態及綠籬改造方式、養護相關推動工作。包括教育訓練與宣導、舉辦成果發表會及說明會等活動，協助計畫申請作業、成果報告彙整等工作。,,,1000,,500,1500
2001,114,(9)5120010908國際及兩岸教育交流,,,,,299687,510,,1500,301697
2001,114,[1]在國內外辦理國際教育交流及參與國際會議活動　01-5,114-114,私立學校,"
1.機票費或生活費、印刷費等。
2.辦理會議及開設研習課程相關費用。",,3113,,,,3113
2001,114,[2]補助私校辦理華語文教育推廣作業　03-3,114-114,私立大學校院,教材研發、海外需求市場開拓設點等費用。,,118574,,,1500,120074
2001,114,[3]辦理國內學生海外實習活動　04,114-114,私立學校,辦理活動之講座鐘點費、旅運費及印刷費等。,,2000,,,,2000
2001,114,[4]辦理擴大招收國際學生，推動新南向政策相關事務　05,114-114,私立學校,補助設立境外臺灣教育中心、境外學生輔導人員支援體系、國際學生在臺學習、輔導及活動、國際生就業輔導專業化等相關經費。,,176000,,,,176000
2001,114,[5]辦理港澳及兩岸教育相關事務　06,114-114,私立學校,辦理兩岸（含港澳）學術會議、文教活動。,,,510,,,510
2001,114,4060對公保軍保退撫基金之補助及挹注,,,,13179215,,,,,13179215
2001,114,(1)7620012100學校教職員暨社教機構聘任人員退休撫卹給付,,,,13179215,,,,,13179215
2001,114,[1]年金改革節省退撫給付挹注公務人員退休撫卹基金經費　10,114-114,退撫基金,"
1.部屬機關（構）及學校公教人員年金改革節省退撫給付挹注公務人員退休撫卹基金經費。
2.依公立學校教職員退休資遣撫卹條例第98條規定撥補教育人員退休撫卹基金。",13179215,,,,,13179215
2001,114,2.對個人之捐助,,,,937187,3733617,28819390,,,33490194
2001,114,4050對學生之獎助,,,,,3691027,28454859,,,32145886
2001,114,(1)5120010201高等教育行政及督導,,,,,3233856,416500,,,3650356
2001,114,[1]學術審議著作審查、設置國家講座與學術獎及改善高教人才斷層　01,114-114,參與博士獎學金計畫之學生,大學針對博士培育之入學、就學及職涯發展提出整體培育計畫，並結合產學資源，本部提供定額補助及加碼補助。,,570000,,,,570000
2001,114,[2]推動及改進大學招生制度　02,114-114,低收入戶及中低收入戶考生,補助大學入學各項考試低收入戶及中低收入戶考生報名費。,,9500,,,,9500
2001,114,[3]強化人才培育及產學合作機制　03,114-114,補助藝術設計人才相關計畫之學生,補助學生獎助學金。,,128091,,,,128091
2001,114,[4]改善教學研究環境及提升高等教育行政服務品質　04,114-114,學生,"
1.獎助生危險活動等投保相關經費。 
2.補助大學校院校內學生住宿費用。",,2046800,,,,2046800
2001,114,[5]引導學校多元發展及提升教學品質　06,114-114,學生,"
1.獎助參與臺灣重點領域獎學金試辦計畫學生生活費、獎助金等。 
2.提供經濟不利學生輔導所需資源及經費。",,479465,,,,479465
2001,114,[6]拉近公私立學校學雜費差距專案減免　07,114-114,公立大學校院弱勢學生,拉近公私立大學學雜費差距及其配套措施方案：辦理大專校院弱勢學生助學計畫，補助公立大學校院弱勢學生助學金。,,,416500,,,416500
2001,114,(2)5120010202技術職業教育行政及督導,,,,,,1993747,,,1993747
2001,114,[1]補助低、中低收入戶統測報名費及產學攜手計畫等　01,114-114,高中職及公私立技專校院學生,補助低、中低收入戶統測報名費、產學攜手計畫及博士生獎助學金相關經費。,,,102300,,,102300
2001,114,[2]補助技專校院辦理大專校院學生校內宿舍補貼計畫　04,114-114,公私立技專校院學生,補助技專校院校內學生住宿費用。,,,950000,,,950000
2001,114,[3]協助技專校院學生展翅高飛計畫及協助經濟弱勢學生安心學習　05,114-114,公私立技專校院學生,協助技專校院五專學生獎助金及協助技專校院經濟弱勢學生生活獎助金。,,,644705,,,644705
2001,114,[4]拉近公私立學校學雜費差距專案減免　06,114-114,公立技專校院弱勢學生,拉近公私立大學學雜費差距及其配套措施方案：辦理大專校院弱勢學生助學計畫，補助公立技專校院弱勢學生助學金。,,,296742,,,296742
2001,114,(3)5120010204私立學校教學獎助,,,,,87233,22961115,,,23048348
2001,114,[1]私立大專校院學生團體保險　02,114-114,私立大專校院學生,私立大專校院學生團體保險費。,,66000,,,,66000
2001,114,[2]學生學雜費減免及助學金補助　04,114-114,私立大專校院學生,"
1.補助私立大專校院學生學雜費減免經費、生活助學金及研究生獎助學金。
2.辦理十二年國民基本教育高中職（含五專前3年）免學費方案。",,,6725406,,,6725406
2001,114,[3]補助私立大專校院學生就學貸款利息　05,114-114,私立大專校院學生,負擔私立大學經濟弱勢學生就學期間與畢業（退伍）後1年之「寬限期」利息、所有貸款人均可申請之「只繳息期」、經濟弱勢者申請之「緩繳期」及延長還款年限之利息。,,,1921000,,,1921000
2001,114,[4]輔導海外臺灣學校及大陸地區臺商學校整體發展　09,114-114,海外臺灣學校學生及大陸地區臺商學校學生,"
1.補助海外臺灣學校學生學費、獎助學金及團體保險費。
2.補助大陸地區臺商學校學生學費及團體保險費。",,21233,213496,,,234729
2001,114,[5]拉近公私立學校學雜費差距專案減免　10,114-114,私立大專校院學生,"
1.減免私立大專校院學士班學生（含五專後兩年）與公立大專校院學雜費差距所需經費。 
2.辦理大專校院弱勢學生助學計畫，補助私立大專校院弱勢學生助學金。",,,14101213,,,14101213
2001,114,(4)5120010301師資培育與藝術教育行政及督導,,,,,369938,99661,,,469599
2001,114,[1]優秀師資生獎學金　03-1,114-114,學生,卓越師資培育獎學金。,,,83049,,,83049
2001,114,[2]學士後教育學分班獎助金　03-2,114-114,學生,補助本土語文學士後教育學分班學生學分費獎助金。,,,11552,,,11552
2001,114,[3]教師資格檢定及課程認定　04,114-114,學生,"
1.補助低收入戶及中低收入戶子女參加高級中等以下學校與幼兒園教師資格考試及報名費。
2.補助師資培育大學清寒教育實習學生獎助金。
3.補助師資培育大學教育實習獎助金。
4.補助初領教師證書所需經費。",,369938,5060,,,374998
2001,114,(5)5120010701學生事務與特殊教育行政及督導,,,,,,732400,,,732400
2001,114,[1]學生公費及獎助學金　02,114-114,國內學校在校學生及僑生,"
1.負擔公立大專校院中低收入家庭子女就學期間與畢業（退伍）後1年之「寬限期」利息、所有貸款人均可申請之「只繳息期」、經濟弱勢者申請之「緩繳期」及延長還款年限之利息。
2.師資培育之大學公費生及補助設立教育學程私立大學修習教育學程學生師資培育助學金。
3.經濟弱勢僑生助學金、研究所僑生獎學金及獎勵海外優秀僑生獎學金經費。",,,656400,,,656400
2001,114,[2]發展與改進大專校院特殊教育　06,114-114,大專學生,大專特教學生獎補助金。,,,76000,,,76000
2001,114,(6)5120010908國際及兩岸教育交流,,,,,,2251436,,,2251436
2001,114,[1]亞太大學交流會（UMAP）國內外會員校學生短期獎學金　01-6,114-114,學生,生活津貼。,,,1440,,,1440
2001,114,[2]華語教學助理、語言實習　03-3,114-114,學生,機票及生活津貼。,,,34830,,,34830
2001,114,[3]外國學生來臺學習語言獎學金　03-4,114-114,外國學生,學費及生活費等。,,,373390,,,373390
2001,114,[4]公費留學生、留學獎學金、交換學生獎助　04,114-114,學生,學費、機票費及生活費等。,,,1441988,,,1441988
2001,114,[5]外國來臺留學生獎學金　05,114-114,外國學生,學費及生活費等。,,,399788,,,399788
2001,114,4075差額補貼,,,,937187,,,,,937187
2001,114,(1)7620012100學校教職員暨社教機構聘任人員退休撫卹給付,,,,937187,,,,,937187
2001,114,[1]支付國立學校暨社教機構聘任人員退休撫卹金　01,114-114,退休人員,國立學校暨社教機構退休人員一次退休金優惠存款利息差額。,937187,,,,,937187
2001,114,4085獎勵及慰問,,,,,38030,90238,,,128268
2001,114,(1)5120010100一般行政,,,,,950,,,,950
2001,114,[1]獎勵模範公務人員　07,114-114,本部與所屬機關（構）學校模範公務人員,核發本部與所屬機關（構）學校模範公務人員獎勵金。,,950,,,,950
2001,114,(2)5120010100一般行政,,,,,4860,,,,4860
2001,114,[1]退休人員三節慰問金　08,114-114,本部符合退休照護之退休人員,退休人員三節慰問金。,,360,,,,360
2001,114,[2]慰問對教育具貢獻且需濟助之教師　09,114-114,對教育具有貢獻，且生活困苦或罹患重病急需濟助之退休教師,每年三節發給對教育具有貢獻，且生活困苦或罹患重病急需濟助之退休教師。,,4500,,,,4500
2001,114,(3)5120010201高等教育行政及督導,,,,,,78200,,,78200
2001,114,[1]學術審議著作審查、設置國家講座與學術獎及改善高教人才斷層　01,114-114,公私立大學校院教師,學術獎獎金。,,,66200,,,66200
2001,114,[2]強化人才培育及產學合作機制　03,114-114,藝術類國際競賽得獎學生,參加國際競賽學生得獎之獎金。,,,12000,,,12000
2001,114,(4)5120010202技術職業教育行政及督導,,,,,,9000,,,9000
2001,114,[1]國家產學大師獎獲獎人獎金　03,114-114,技專校院教師,表揚技專校院教師實務研發對產業與技職人才培育貢獻。,,,9000,,,9000
2001,114,(5)5120010301師資培育與藝術教育行政及督導,,,,,27000,,,,27000
2001,114,[1]獎勵優良教師　02-1,114-114,各級學校資深優良教師,"
1.服務屆滿10年之資深優良教師，每人4千元。
2.服務屆滿20年之資深優良教師，每人6千元。
3.服務屆滿30年之資深優良教師，每人8千元。
4.服務屆滿40年之資深優良教師，每人10千元。",,25900,,,,25900
2001,114,[2]獎勵教育奉獻獎獲獎者　02-2,114-114,教育奉獻獎獲獎者,教育奉獻獎獲獎者，每人致贈獎勵金50千元，獲獎人數以20人為原則。,,1000,,,,1000
2001,114,[3]辦理教師典範獎、教師卓越獎及教育實習合作團體獎　04,114-114,教師,教育實習獎優獎、分實習指導教師典範獎、實習輔導教師卓越獎、實習學生楷模獎及教育實習合作團體獎。,,100,,,,100
2001,114,(6)5120010501終身教育行政及督導,,,,,4020,,,,4020
2001,114,[1]推動高齡教育　04,114-114,高齡教育推展績優單位及人員,獎勵高齡教育推展績優單位及人員。,,3000,,,,3000
2001,114,[2]本國語言文字標準訂定與推廣　06,114-114,本土語言文學獎得獎者,本土語言文學獎計畫。,,1020,,,,1020
2001,114,(7)5120010507國立臺灣藝術教育館行政及推展,,,,,,2990,,,2990
2001,114,[1]獎勵全國學生圖畫書創作獎　0402,114-114,全國各級學校在學學生,"
1.獎勵兒童圖畫書創作，發掘及培育圖畫書創作人才。 
2.提升國內圖畫書創作品質水準，充實優良圖像讀物。 
3.豐富兒童藝術涵養與想像力。",,,450,,,450
2001,114,[2]教育部文藝創作獎　0404,114-114,全國學校教師暨學生,辦理教育部文藝創作獎，以鼓勵文學藝術創作，提升國人之藝文水準，激發國人之創意。,,,2540,,,2540
2001,114,(8)5120010507國立臺灣藝術教育館行政及推展,,,,,,48,,,48
2001,114,[1]退休退職人員三節慰問金　0204,114-114,退休退職人員,退休退職人員計8人，三節慰問金每人每年6千元。,,,48,,,48
2001,114,(9)5120010701學生事務與特殊教育行政及督導,,,,,1200,,,,1200
2001,114,[1]學生事務行政及督導　01,114-114,個人,獎勵全國大專校院學生社團評選獲獎者。,,500,,,,500
2001,114,[2]性別平等教育　03,114-114,個人,獎勵性別平等教育碩博士論文得獎者。,,250,,,,250
2001,114,[3]推動學生輔導工作　07,114-114,個人,獎勵生命教育碩博士論文得獎者。,,450,,,,450
2001,114,4090其他補助及捐助,,,,,4560,274293,,,278853
2001,114,(1)5120010501終身教育行政及督導,,,,,4560,,,,4560
2001,114,[1]推動終身教育及學習網絡　01,114-114,參與終身學習之單位及人員,鼓勵參與多元終身學習計畫。,,1000,,,,1000
2001,114,[2]推動高齡教育　04,114-114,樂齡學習方案推動單位及人員,加強辦理樂齡學習方案。,,2140,,,,2140
2001,114,[3]國立及公共圖書館之輔導與充實　08,114-114,創作者及出版者,國立公共圖書館試辦公共出借權計畫創作者及出版者補償酬勞。,,1420,,,,1420
2001,114,(2)5120010908國際及兩岸教育交流,,,,,,274293,,,274293
2001,114,[1]華語教學人員赴外國學校任教經費　03-5,114-114,國內個人,機票及生活津貼。,,,274293,,,274293
2001,114,3.對國外之捐助,,,,,73350,,,,73350
2001,114,4035對外之捐助,,,,,73350,,,,73350
2001,114,(1)5120010908國際及兩岸教育交流,,,,,73350,,,,73350
2001,114,[1]臺灣研究講座　01-1,114-114,國外學術文教團體,講座薪資、辦公費用及獎助金等。,,60810,,,,60810
2001,114,[2]傅爾布萊特中美文教合作計畫　01-2,114-114,學術交流基金會,設置美國學人來臺及我國學人赴美獎助金。,,11840,,,,11840
2001,114,[3]歐盟及重點國家官員來臺參與臺灣研究研討會　01-3,114-114,外國機構及個人,機票、食宿及交通費。,,700,,,,700
